[{"time":0,"angle":360,"type":"block"},{"time":0.5,"angle":45,"type":"block"},{"time":1,"angle":450,"type":"block"},{"time":1.5,"angle":135,"type":"block"},{"time":2,"angle":180,"type":"block"},{"time":2.5,"angle":225,"type":"block"},{"time":3,"angle":180,"type":"block"},{"time":3.5,"angle":135,"type":"block"},{"time":4,"angle":180,"type":"block"},{"time":4.5,"angle":225,"type":"block"},{"time":5,"angle":180,"type":"block"},{"time":5.5,"angle":135,"type":"block"},{"time":6,"angle":180,"type":"block"},{"time":6.5,"angle":225,"type":"block"},{"time":7,"angle":270,"type":"block"},{"time":7.5,"angle":315,"type":"block"},{"time":8,"angle":360,"type":"block"},{"time":8.5,"angle":45,"type":"block"},{"time":9,"angle":360,"type":"block"},{"time":9.5,"angle":315,"type":"block"},{"time":10,"angle":360,"type":"block"},{"time":10.5,"angle":45,"type":"block"},{"time":11,"angle":360,"type":"block"},{"time":11.5,"angle":315,"type":"block"},{"time":12,"angle":270,"type":"block"},{"time":12.5,"angle":315,"type":"block"},{"time":13,"angle":360,"type":"block"},{"time":13.5,"angle":315,"type":"block"},{"time":14,"angle":270,"type":"block"},{"time":14.5,"angle":225,"type":"block"},{"time":15,"angle":180,"type":"block"},{"time":15.5,"angle":225,"type":"block"},{"time":16,"angle":270,"type":"block"},{"time":16.5,"angle":225,"type":"block"},{"time":17,"angle":180,"type":"block"},{"time":17.5,"angle":135,"type":"block"},{"time":18,"angle":90,"type":"block"},{"time":18.5,"angle":135,"type":"block"},{"time":19,"angle":180,"type":"block"},{"time":19.5,"angle":135,"type":"block"},{"time":20,"angle":90,"type":"block"},{"time":20,"angle":90,"type":"block"},{"time":20.5,"angle":135,"type":"block"},{"time":21,"angle":180,"type":"block"},{"time":21.5,"angle":225,"type":"block"},{"time":22,"angle":270,"type":"block"},{"time":22.5,"angle":315,"type":"block"},{"time":23,"angle":360,"type":"block"},{"time":23.5,"angle":405,"type":"block"},{"time":24,"angle":450,"type":"block"},{"time":24.5,"angle":45,"type":"block"},{"time":25,"angle":360,"type":"block"},{"time":25.5,"angle":315,"type":"block"},{"time":26,"angle":270,"type":"block"},{"time":26.5,"angle":225,"type":"block"},{"time":27,"angle":270,"type":"block"},{"time":0,"angle":360,"type":"inverse"},{"time":1,"angle":450,"type":"inverse"},{"time":2,"angle":180,"type":"inverse"},{"time":3,"angle":180,"type":"inverse"},{"time":4,"angle":180,"type":"inverse"},{"time":5,"angle":180,"type":"inverse"},{"time":6,"angle":180,"type":"inverse"},{"time":7,"angle":270,"type":"inverse"},{"time":8,"angle":360,"type":"inverse"},{"time":9,"angle":360,"type":"inverse"},{"time":10,"angle":360,"type":"inverse"},{"time":11,"angle":360,"type":"inverse"},{"time":12,"angle":270,"type":"inverse"},{"time":13,"angle":360,"type":"inverse"},{"time":14,"angle":270,"type":"inverse"},{"time":15,"angle":180,"type":"inverse"},{"time":16,"angle":270,"type":"inverse"},{"time":17,"angle":180,"type":"inverse"},{"time":18,"angle":90,"type":"inverse"},{"time":19,"angle":180,"type":"inverse"},{"time":20,"angle":90,"type":"inverse"},{"time":21,"angle":180,"type":"inverse"},{"time":22,"angle":270,"type":"inverse"},{"time":23,"angle":360,"type":"inverse"},{"time":24,"angle":450,"type":"inverse"},{"time":25,"angle":360,"type":"inverse"},{"time":21.5,"angle":225,"type":"inverse"},{"time":22.5,"angle":315,"type":"inverse"},{"time":23.5,"angle":405,"type":"inverse"},{"time":26,"angle":270,"type":"inverse"},{"time":27,"angle":270,"type":"inverse"},{"time":28,"angle":270,"type":"block"},{"time":28.5,"angle":225,"type":"block"},{"time":29,"angle":270,"type":"block"},{"time":29.5,"angle":315,"type":"block"},{"time":30,"angle":270,"type":"block"},{"time":30.5,"angle":225,"type":"block"},{"time":31,"angle":540,"type":"block"},{"time":31.5,"angle":135,"type":"block"},{"time":32,"angle":450,"type":"block"},{"time":32.5,"angle":45,"type":"block"},{"time":33,"angle":450,"type":"block"},{"time":33.5,"angle":135,"type":"block"},{"time":34,"angle":450,"type":"block"},{"time":34.5,"angle":45,"type":"block"},{"time":35,"angle":450,"type":"block"},{"time":35.5,"angle":135,"type":"block"},{"time":36,"angle":540,"type":"block"},{"time":36.5,"angle":135,"type":"block"},{"time":37,"angle":90,"type":"block"},{"time":37.5,"angle":135,"type":"block"},{"time":38,"angle":180,"type":"block"},{"time":38.5,"angle":225,"type":"block"},{"time":39,"angle":270,"type":"block"},{"time":28,"angle":270,"type":"inverse"},{"time":29,"angle":270,"type":"inverse"},{"time":30,"angle":270,"type":"inverse"},{"time":31,"angle":540,"type":"inverse"},{"time":32,"angle":450,"type":"inverse"},{"time":33,"angle":450,"type":"inverse"},{"time":34,"angle":450,"type":"inverse"},{"time":35,"angle":450,"type":"inverse"},{"time":36,"angle":540,"type":"inverse"},{"time":37,"angle":90,"type":"inverse"},{"time":38,"angle":180,"type":"inverse"},{"time":39,"angle":270,"type":"inverse"},{"time":27.5,"angle":315,"type":"block"},{"time":40,"angle":180,"type":"block"},{"time":40.5,"angle":225,"type":"block"},{"time":41,"angle":270,"type":"block"},{"time":41.5,"angle":315,"type":"block"},{"time":42,"angle":0,"type":"block"},{"time":42.5,"angle":315,"type":"block"},{"time":43,"angle":-90,"type":"block"},{"time":43.5,"angle":225,"type":"block"},{"time":44,"angle":180,"type":"block"},{"time":44.5,"angle":135,"type":"block"},{"time":45,"angle":90,"type":"block"},{"time":48,"angle":180,"type":"block"},{"time":48.5,"angle":225,"type":"block"},{"time":49,"angle":270,"type":"block"},{"time":49.5,"angle":315,"type":"block"},{"time":50,"angle":360,"type":"block"},{"time":50.5,"angle":405,"type":"block"},{"time":51,"angle":450,"type":"block"},{"time":40,"angle":180,"type":"inverse"},{"time":41,"angle":270,"type":"inverse"},{"time":42,"angle":0,"type":"inverse"},{"time":43,"angle":-90,"type":"inverse"},{"time":44,"angle":180,"type":"inverse"},{"time":45,"angle":90,"type":"inverse"},{"time":48,"angle":180,"type":"inverse"},{"time":49,"angle":270,"type":"inverse"},{"time":50,"angle":360,"type":"inverse"},{"time":51,"angle":450,"type":"inverse"},{"time":39.5,"angle":225,"type":"block"},{"time":46,"angle":360,"type":"inverse"},{"time":47,"angle":270,"type":"inverse"},{"time":48.5,"angle":225,"type":"inverse"},{"time":49.5,"angle":315,"type":"inverse"},{"time":50.5,"angle":405,"type":"inverse"},{"time":51.5,"angle":405,"type":"block"},{"time":52,"angle":360,"type":"block"},{"time":52.5,"angle":315,"type":"block"},{"time":53,"angle":270,"type":"block"},{"time":53.5,"angle":315,"type":"block"},{"time":54,"angle":360,"type":"block"},{"time":54.5,"angle":405,"type":"block"},{"time":55,"angle":450,"type":"block"},{"time":56,"angle":180,"type":"block"},{"time":57,"angle":450,"type":"block"},{"time":57.5,"angle":405,"type":"block"},{"time":58,"angle":360,"type":"block"},{"time":59,"angle":450,"type":"block"},{"time":60,"angle":360,"type":"block"},{"time":61,"angle":270,"type":"block"},{"time":62,"angle":360,"type":"block"},{"time":63,"angle":270,"type":"block"},{"time":63.5,"angle":225,"type":"block"},{"time":64,"angle":180,"type":"block"},{"time":65,"angle":90,"type":"block"},{"time":66,"angle":360,"type":"block"},{"time":66.5,"angle":315,"type":"block"},{"time":67,"angle":270,"type":"block"},{"time":67.5,"angle":315,"type":"block"},{"time":68,"angle":360,"type":"block"},{"time":68.5,"angle":405,"type":"block"},{"time":69,"angle":450,"type":"block"},{"time":72,"angle":180,"type":"block"},{"time":73.5,"angle":315,"type":"block"},{"time":73.75,"angle":337.5,"type":"block"},{"time":74,"angle":360,"type":"block"},{"time":75,"angle":450,"type":"block"},{"time":75.5,"angle":45,"type":"block"},{"time":76,"angle":360,"type":"block"},{"time":76.5,"angle":315,"type":"block"},{"time":77,"angle":270,"type":"block"},{"time":77.5,"angle":225,"type":"block"},{"time":78,"angle":180,"type":"block"},{"time":79.5,"angle":-315,"type":"block"},{"time":79.75,"angle":-337.5,"type":"block"},{"time":80,"angle":-360,"type":"block"},{"time":81,"angle":-450,"type":"block"},{"time":81.5,"angle":-45,"type":"block"},{"time":82,"angle":-360,"type":"block"},{"time":82.5,"angle":-315,"type":"block"},{"time":83,"angle":-270,"type":"block"},{"time":83.5,"angle":-225,"type":"block"},{"time":84,"angle":180,"type":"block"},{"time":84.5,"angle":225,"type":"block"},{"time":85,"angle":270,"type":"block"},{"time":85.5,"angle":225,"type":"block"},{"time":86,"angle":180,"type":"block"},{"time":86.5,"angle":135,"type":"block"},{"time":87,"angle":450,"type":"block"},{"time":87.5,"angle":45,"type":"block"},{"time":88,"angle":360,"type":"block"},{"time":88.5,"angle":315,"type":"block"},{"time":89,"angle":270,"type":"block"},{"time":89.5,"angle":315,"type":"block"},{"time":90,"angle":360,"type":"block"},{"time":91,"angle":450,"type":"block"},{"time":91.5,"angle":135,"type":"block"},{"time":92,"angle":180,"type":"block"},{"time":92.5,"angle":225,"type":"block"},{"time":93,"angle":270,"type":"block"},{"time":93.25,"angle":247.5,"type":"block"},{"time":93.5,"angle":225,"type":"block"},{"time":51.5,"angle":405,"type":"inverse"},{"time":52,"angle":360,"type":"inverse"},{"time":52.5,"angle":315,"type":"inverse"},{"time":53,"angle":270,"type":"inverse"},{"time":53.5,"angle":315,"type":"inverse"},{"time":54,"angle":360,"type":"inverse"},{"time":54.5,"angle":405,"type":"inverse"},{"time":55,"angle":450,"type":"inverse"},{"time":55.5,"angle":135,"type":"inverse"},{"time":56,"angle":180,"type":"inverse"},{"time":56.5,"angle":495,"type":"inverse"},{"time":57,"angle":450,"type":"inverse"},{"time":57.5,"angle":405,"type":"inverse"},{"time":58,"angle":360,"type":"inverse"},{"time":58.5,"angle":405,"type":"inverse"},{"time":59,"angle":450,"type":"inverse"},{"time":59.5,"angle":405,"type":"inverse"},{"time":60.5,"angle":315,"type":"inverse"},{"time":60,"angle":360,"type":"inverse"},{"time":61,"angle":270,"type":"inverse"},{"time":61.5,"angle":315,"type":"inverse"},{"time":62,"angle":360,"type":"inverse"},{"time":62.5,"angle":315,"type":"inverse"},{"time":63,"angle":270,"type":"inverse"},{"time":63.5,"angle":225,"type":"inverse"},{"time":64,"angle":180,"type":"inverse"},{"time":64.5,"angle":135,"type":"inverse"},{"time":65,"angle":90,"type":"inverse"},{"time":65.5,"angle":405,"type":"inverse"},{"time":66,"angle":360,"type":"inverse"},{"time":67,"angle":270,"type":"inverse"},{"time":68,"angle":360,"type":"inverse"},{"time":69,"angle":450,"type":"inverse"},{"time":69.5,"angle":45,"type":"inverse"},{"time":70,"angle":360,"type":"inverse"},{"time":70.5,"angle":315,"type":"inverse"},{"time":71,"angle":270,"type":"inverse"},{"time":71.5,"angle":225,"type":"inverse"},{"time":72,"angle":180,"type":"inverse"},{"time":72.5,"angle":225,"type":"inverse"},{"time":73,"angle":270,"type":"inverse"},{"time":73.5,"angle":315,"type":"inverse"},{"time":74,"angle":360,"type":"inverse"},{"time":74.5,"angle":405,"type":"inverse"},{"time":75,"angle":450,"type":"inverse"},{"time":78,"angle":180,"type":"inverse"},{"time":78.5,"angle":-225,"type":"inverse"},{"time":79,"angle":-270,"type":"inverse"},{"time":79.5,"angle":-315,"type":"inverse"},{"time":80,"angle":-360,"type":"inverse"},{"time":81,"angle":-450,"type":"inverse"},{"time":80.5,"angle":-45,"type":"inverse"},{"time":84,"angle":180,"type":"inverse"},{"time":85,"angle":270,"type":"inverse"},{"time":86,"angle":180,"type":"inverse"},{"time":87,"angle":450,"type":"inverse"},{"time":88,"angle":360,"type":"inverse"},{"time":89,"angle":270,"type":"inverse"},{"time":90,"angle":360,"type":"inverse"},{"time":91,"angle":450,"type":"inverse"},{"time":92,"angle":180,"type":"inverse"},{"time":93,"angle":270,"type":"inverse"}]