{"properties":{"speed":70,"offset":8,"formatversion":13,"loadBeat":-2},"events":[{"file":"c.ogg","angle":225,"bpm":149.25,"volume":1,"time":0,"type":"play"},{"r":196,"color":0,"angle":157.5,"time":-2,"b":161,"g":207,"type":"setColor"},{"r":31,"color":1,"angle":180,"time":-2,"b":31,"g":31,"type":"setColor"},{"time":94,"angle":225,"type":"showResults"},{"type":"outline","color":0,"angle":337.5,"enable":true,"time":-2},{"duration":120,"order":1,"angle":45,"y":1500,"type":"deco","id":"Blocks","time":-2},{"order":0,"oy":1300,"time":-2,"sprite":"Blocks.png","angle":22.5,"drawLayer":"bg","ox":300,"id":"Blocks","type":"deco"},{"color":3,"time":-1,"r":55,"angle":247.5,"b":37,"duration":2,"g":59,"type":"setColor"},{"color":4,"time":-1,"r":139,"angle":270,"b":109,"duration":2,"g":149,"type":"setColor"},{"color":5,"time":-1,"r":196,"angle":292.5,"b":161,"duration":2,"g":207,"type":"setColor"},{"color":2,"time":-1,"r":31,"angle":225,"b":31,"g":31,"duration":2,"type":"setColor"},{"color":3,"time":-2,"r":196,"angle":247.5,"b":161,"g":207,"type":"setColor"},{"color":4,"time":-2,"r":196,"angle":270,"b":161,"g":207,"type":"setColor"},{"color":5,"time":-2,"r":196,"angle":292.5,"b":161,"g":207,"type":"setColor"},{"color":2,"time":-2,"r":196,"angle":225,"b":161,"g":207,"type":"setColor"}]}