{"properties":{"offset":8,"formatversion":13,"speed":70},"metadata":{"bgData":{"redChannel":{"g":82,"r":175,"b":78},"blueChannel":{"g":105,"r":117,"b":147},"greenChannel":{"g":135,"r":112,"b":113},"yellowChannel":{"g":161,"r":219,"b":110},"magentaChannel":{"g":48,"r":56,"b":51},"cyanChannel":{"g":201,"r":237,"b":167},"image":"pinesTwins.png"},"charter":"Waxy","songName":"Gravity Falls theme","description":"WE WINNING THE FUNKLE BUNKLE WITH THIS ONE!!!!!","difficulty":0,"bg":true,"artistLink":"","artist":"Brad Breeck"},"events":[{"bpm":166,"volume":1,"time":0,"file":"Gravity Falls Main Title Theme.ogg","angle":131.25,"type":"play"},{"type":"paddles","ease":"linear","angle":450,"duration":0,"time":16,"paddle":1,"newAngle":0,"enabled":true,"newWidth":35},{"type":"paddles","ease":"linear","angle":330,"duration":0,"time":16,"paddle":2,"newAngle":120,"enabled":true,"newWidth":35},{"type":"paddles","ease":"linear","angle":210,"duration":0,"time":16,"paddle":3,"newAngle":240,"enabled":true,"newWidth":35},{"type":"bookmark","angle":22.5,"description":"","g":0,"name":"song","time":16,"b":0,"r":0},{"type":"bookmark","angle":360,"description":"","g":0,"name":"Section","time":16,"b":0,"r":0},{"type":"paddles","ease":"linear","angle":360,"time":71,"paddle":2,"enabled":false,"duration":0},{"type":"paddles","ease":"linear","angle":30,"time":71,"paddle":3,"enabled":false,"duration":0},{"type":"paddles","ease":"linear","angle":330,"time":71,"duration":0,"enabled":true,"paddle":1,"newWidth":70},{"type":"paddles","ease":"linear","angle":112.5,"duration":0,"time":96,"paddle":3,"newAngle":240,"enabled":true,"newWidth":35},{"type":"paddles","ease":"linear","angle":180,"time":92,"newWidth":35,"paddle":1,"duration":0},{"type":"showResults","angle":270,"time":110},{"type":"ease","ease":"inOutElastic","angle":90,"time":71,"value":200,"var":"p.x","duration":3},{"type":"ease","ease":"inOutElastic","angle":112.5,"time":74.5,"value":400,"var":"p.x","duration":3.5},{"type":"ease","ease":"inOutSine","angle":247.5,"time":79.5,"value":300,"var":"p.x","duration":0.5},{"type":"ease","ease":"inCirc","angle":90,"time":0,"value":2,"var":"vfx.canvPos.sx","duration":16},{"type":"ease","ease":"inCirc","angle":60,"time":0,"value":2,"var":"vfx.canvPos.sy","duration":16},{"type":"ease","ease":"outElastic","angle":157.5,"time":16,"value":1,"var":"vfx.canvPos.sx","duration":1},{"type":"ease","ease":"outElastic","angle":135,"time":16,"value":1,"var":"vfx.canvPos.sy","duration":2},{"type":"ease","ease":"outElastic","angle":90,"time":92,"value":1,"var":"p.drawScale","duration":1},{"type":"ease","ease":"inCirc","angle":90,"time":91,"value":0.69999998807907,"var":"p.drawScale","duration":1},{"type":"ease","ease":"outElastic","angle":90,"time":94,"value":1,"var":"p.drawScale","duration":1},{"type":"ease","ease":"inCirc","angle":90,"time":93,"value":0.69999998807907,"var":"p.drawScale","duration":1},{"type":"ease","ease":"outElastic","angle":67.5,"time":96,"value":1,"var":"p.drawScale","duration":1},{"type":"ease","ease":"inCirc","angle":90,"time":95,"value":0.69999998807907,"var":"p.drawScale","duration":1},{"type":"paddles","ease":"linear","angle":300,"duration":0,"time":94,"paddle":2,"newAngle":120,"enabled":true,"newWidth":35},{"type":"ease","ease":"inCirc","angle":315,"time":98,"value":5,"var":"vfx.pixelate","duration":2},{"type":"ease","ease":"outCirc","angle":292.5,"time":100,"value":1,"var":"vfx.pixelate","duration":0.25},{"type":"paddles","ease":"outCirc","angle":247.5,"time":98,"newWidth":10,"paddle":0,"duration":2},{"type":"paddles","ease":"inSine","angle":247.5,"time":100.16666412354,"newWidth":70,"paddle":1,"duration":0},{"type":"paddles","ease":"linear","angle":225,"time":100,"paddle":2,"enabled":false,"duration":0},{"type":"paddles","ease":"linear","angle":202.5,"time":100,"paddle":3,"enabled":false,"duration":0},{"type":"deco","angle":247.5,"id":"billWheel","sprite":"billWheel.png","time":106,"hide":true},{"type":"setBgColor","angle":225,"time":106,"color":1},{"sprite":"billWheel.png","recolor":-1,"angle":135,"type":"deco","ox":180,"oy":180,"sx":0.5,"sy":0.5,"r":-180,"time":100,"id":"billWheel","x":300,"y":180},{"type":"hom","angle":202.5,"time":98,"enable":true},{"type":"hom","angle":337.5,"time":100,"enable":false},{"type":"noise","angle":225,"color":1,"chance":0.5,"time":98},{"type":"noise","angle":22.5,"color":0,"chance":0,"time":100},{"sprite":"bill.png","recolor":2,"angle":67.5,"ox":150,"oy":186,"sx":0.44999998807907,"sy":0.44999998807907,"time":106,"type":"deco","id":"bill","x":300,"y":170},{"type":"deco","angle":67.5,"id":"bill","sprite":"bill.png","time":106.30000305176,"hide":true},{"type":"setColor","angle":247.5,"r":255,"time":100,"g":255,"color":5,"b":255},{"type":"ease","ease":"linear","angle":90,"time":106.125,"value":10,"var":"vfx.pixelate","duration":0.5},{"type":"deco","angle":112.5,"ox":200,"oy":169,"time":70.5,"sprite":"ford.png","x":1200,"id":"ford"},{"type":"deco","ease":"inOutElastic","angle":112.5,"sx":1.2000000476837,"sy":1.2000000476837,"time":71,"id":"ford","x":450,"duration":3},{"type":"deco","ease":"inCirc","angle":135,"id":"ford","time":74.5,"x":1200,"duration":2},{"sprite":"stan.png","angle":67.5,"ox":200,"oy":150,"sx":1.2000000476837,"sy":1.2000000476837,"time":74,"id":"stan","type":"deco","x":-1200,"y":190},{"type":"deco","ease":"inOutElastic","angle":67.5,"id":"stan","time":74.5,"x":180,"duration":3},{"type":"deco","ease":"inOutSine","angle":225,"id":"stan","time":79,"x":-1200,"duration":1},{"type":"setColor","angle":157.5,"r":166,"time":0,"g":131,"color":2,"b":123},{"sprite":"gnomeForest.png","drawLayer":"bg","angle":225,"ox":833,"oy":350,"sx":1.2999999523163,"sy":1.2999999523163,"time":16,"id":"gnome","x":800,"type":"deco"},{"type":"setColor","angle":180,"r":25,"time":0,"g":67,"color":3,"b":75},{"type":"setColor","angle":202.5,"r":82,"time":0,"g":140,"color":4,"b":115},{"type":"setColor","angle":225,"r":190,"time":0,"g":225,"color":5,"b":171},{"type":"setColor","angle":247.5,"r":54,"time":0,"g":114,"color":6,"b":137},{"type":"setColor","angle":270,"r":85,"time":0,"g":163,"color":7,"b":155},{"type":"setBgColor","angle":247.5,"time":16,"voidColor":3},{"type":"deco","ease":"linear","angle":202.5,"duration":30,"sx":0.69999998807907,"sy":0.69999998807907,"id":"gnome","time":17,"r":5,"x":300,"y":180},{"type":"deco","angle":315,"id":"shack","time":100,"hide":true},{"type":"setColor","angle":112.5,"r":247,"time":16,"g":200,"color":0,"b":218},{"type":"setColor","angle":202.5,"r":215,"time":16,"g":87,"color":1,"b":134},{"type":"setColor","angle":157.5,"r":255,"time":100,"g":255,"color":0,"b":255},{"type":"setColor","angle":67.5,"r":0,"time":100,"g":0,"color":1,"b":0},{"type":"setColor","angle":168.75,"r":0,"time":106,"g":0,"color":1,"b":0},{"type":"setColor","angle":202.5,"r":0,"time":106,"g":0,"color":0,"b":0},{"type":"setColor","angle":157.5,"r":255,"time":106,"g":255,"color":2,"b":255},{"type":"setColor","angle":202.5,"r":0,"time":105.75,"g":0,"color":0,"b":0},{"type":"setColor","angle":180,"r":255,"time":105.75,"g":255,"color":1,"b":255},{"type":"setColor","angle":202.5,"r":255,"time":105.875,"g":255,"color":0,"b":255},{"type":"setColor","angle":180,"r":0,"time":105.875,"g":0,"color":1,"b":0},{"type":"deco","angle":270,"id":"gnome","time":48,"hide":true},{"sprite":"portalNEW.png","drawLayer":"bg","angle":292.5,"ox":300,"oy":180,"time":48,"id":"portal","type":"deco"},{"type":"setColor","ease":"outCirc","angle":0,"color":0,"g":255,"r":255,"time":48,"b":255,"duration":0.5},{"type":"setColor","ease":"outCirc","angle":11.25,"color":1,"g":41,"time":48,"b":41,"r":17,"duration":0.5},{"type":"setColor","ease":"outCirc","angle":22.5,"color":2,"g":94,"time":48,"b":100,"r":42,"duration":0.5},{"type":"setColor","ease":"outCirc","angle":33.75,"color":3,"g":126,"time":48,"b":130,"r":62,"duration":0.5},{"type":"setColor","ease":"outCirc","angle":45,"color":4,"g":146,"time":48,"b":151,"r":72,"duration":0.5},{"type":"setColor","ease":"outCirc","angle":56.25,"color":5,"g":63,"time":48,"b":65,"r":32,"duration":0.5},{"type":"setColor","ease":"outCirc","angle":67.5,"color":6,"g":0,"b":0,"time":48,"r":255,"duration":0.5},{"type":"setColor","ease":"outCirc","angle":78.75,"color":7,"g":244,"time":48,"b":244,"r":173,"duration":0.5},{"type":"deco","angle":345,"id":"portal","time":80,"hide":true},{"sprite":"shack.png","drawLayer":"bg","angle":330,"ox":320,"oy":180,"time":80,"id":"shack","type":"deco"},{"type":"setColor","angle":300,"r":0,"time":80,"g":0,"color":1,"b":0},{"type":"setColor","angle":315,"r":181,"time":80,"g":181,"color":0,"b":165},{"type":"setColor","angle":285,"r":41,"time":80,"g":33,"color":2,"b":16},{"type":"setColor","angle":270,"r":16,"time":80,"g":8,"color":3,"b":8},{"type":"setColor","angle":255,"r":41,"time":80,"g":115,"color":4,"b":115},{"type":"setColor","angle":240,"r":173,"time":80,"g":165,"color":5,"b":82},{"type":"setColor","angle":225,"r":132,"time":80,"g":74,"color":6,"b":107},{"type":"setColor","angle":210,"r":115,"time":80,"g":66,"color":7,"b":33},{"type":"ease","angle":105,"time":10,"value":4,"var":"vfx.extraTapWidth"},{"type":"ease","angle":75,"time":10,"value":5,"var":"vfx.tapWidthPulse"},{"type":"deco","ease":"inCirc","angle":345,"sx":2,"sy":2,"r":-10,"time":80.5,"id":"shack","duration":20},{"type":"outline","angle":90,"color":0,"enable":true,"time":48},{"type":"outline","angle":195,"color":0,"enable":false,"time":80},{"type":"deco","ease":"inCirc","angle":180,"sx":7,"sy":7,"time":79,"id":"portal","duration":1},{"type":"ease","ease":"outSine","angle":180,"time":48,"value":220,"var":"p.y","duration":4},{"type":"ease","ease":"inSine","angle":0,"time":52,"value":180,"var":"p.y","duration":4},{"type":"ease","ease":"outSine","angle":0,"time":56,"value":140,"var":"p.y","duration":4},{"type":"ease","ease":"inSine","angle":180,"time":60,"value":180,"var":"p.y","duration":4},{"type":"ease","ease":"linear","angle":303.75,"time":77,"value":20,"var":"vfx.hglitch.strength","duration":3},{"type":"ease","ease":"linear","angle":292.5,"time":80,"value":0,"var":"vfx.hglitch.strength","duration":0.5},{"type":"ease","ease":"linear","angle":135,"time":12,"value":3,"var":"vfx.hglitch.strength","duration":4},{"type":"ease","ease":"linear","angle":292.5,"time":16,"value":0,"var":"vfx.hglitch.strength","duration":1},{"type":"setColor","ease":"inCirc","angle":11.25,"color":0,"g":255,"time":46,"b":255,"r":255,"duration":1.5},{"type":"setColor","ease":"inCirc","angle":22.5,"color":1,"g":255,"time":46,"b":255,"r":255,"duration":1.5},{"type":"setColor","ease":"inCirc","angle":33.75,"color":2,"g":255,"time":46,"b":255,"r":255,"duration":1.5},{"type":"setColor","ease":"inCirc","angle":45,"color":3,"g":255,"time":46,"b":255,"r":255,"duration":1.5},{"type":"setColor","ease":"inCirc","angle":67.5,"color":4,"g":255,"time":46,"b":255,"r":255,"duration":1.5},{"type":"setColor","ease":"inCirc","angle":78.75,"color":5,"g":255,"time":46,"b":255,"r":255,"duration":1.5},{"type":"setColor","ease":"inCirc","angle":90,"color":6,"g":255,"time":46,"b":255,"r":255,"duration":1.5},{"type":"setColor","ease":"inCirc","angle":101.25,"color":7,"g":255,"time":46,"b":255,"r":255,"duration":1.5},{"type":"setColor","angle":202.5,"r":0,"time":105.5,"g":0,"color":0,"b":0},{"type":"setColor","angle":202.5,"r":255,"time":105.625,"g":255,"color":0,"b":255},{"type":"setColor","angle":180,"r":0,"time":105.625,"g":0,"color":1,"b":0},{"type":"setColor","angle":180,"r":255,"time":105.5,"g":255,"color":1,"b":255},{"type":"setBgColor","angle":165,"time":100,"voidColor":0},{"type":"deco","ease":"inCirc","angle":120,"sx":0.80000001192093,"sy":0.80000001192093,"r":-20,"time":100.01000213623,"id":"billWheel","duration":0.40000000596046},{"type":"deco","ease":"outCirc","angle":120,"sx":1,"sy":1,"r":0,"time":100.5,"id":"billWheel","duration":4.5},{"type":"deco","ease":"inCirc","angle":120,"sx":1.2999999523163,"sy":1.2999999523163,"r":180,"time":105,"id":"billWheel","duration":1},{"type":"ease","ease":"inCirc","angle":165,"time":104,"value":1,"var":"p.drawScale","duration":2},{"type":"ease","ease":"inOutSine","angle":210,"time":39,"value":400,"var":"p.x","duration":8},{"type":"ease","ease":"inOutSine","angle":270,"time":47,"value":300,"var":"p.x","duration":17},{"type":"deco","drawLayer":"bg","angle":135,"order":1,"ox":68,"oy":68,"time":48,"id":"portalAnim","sprite":"portalAnim!spin"},{"type":"setColor","ease":"linear","angle":67.5,"color":6,"g":240,"time":48.5,"b":0,"r":255,"duration":3.5},{"type":"setColor","ease":"linear","angle":45,"color":6,"g":255,"time":52,"r":30,"b":0,"duration":4},{"type":"setColor","ease":"linear","angle":45,"color":6,"g":248,"b":255,"r":0,"time":56,"duration":4},{"type":"setColor","ease":"linear","angle":45,"color":6,"g":0,"time":60,"r":8,"b":255,"duration":4},{"type":"deco","ease":"linear","angle":135,"order":0,"r":180,"id":"portalAnim","sprite":"portalAnim!spin","time":48.099998474121,"duration":23.89999961853},{"type":"deco","ease":"inCirc","angle":202.5,"sx":5,"sy":5,"time":77,"id":"portalAnim","sprite":"portalAnim!spin","r":360,"duration":3},{"type":"deco","angle":202.5,"time":80,"hide":true,"id":"portalAnim"},{"type":"deco","ease":"inCirc","angle":225,"sx":2,"sy":2,"time":77,"id":"portal","duration":3},{"type":"deco","ease":"linear","angle":112.5,"sx":1.2000000476837,"sy":1.2000000476837,"time":49,"id":"portal","duration":23},{"type":"setColor","ease":"linear","angle":45,"color":6,"g":0,"b":255,"r":180,"time":64,"duration":4},{"type":"setColor","ease":"linear","angle":67.5,"color":6,"g":0,"r":255,"b":0,"time":68,"duration":4},{"type":"setColor","ease":"linear","angle":45,"color":6,"g":255,"b":0,"r":255,"time":72,"duration":4},{"type":"setColor","ease":"linear","angle":45,"color":6,"g":255,"time":76,"b":255,"r":255,"duration":4},{"type":"setColor","ease":"outSine","angle":360,"color":0,"g":244,"b":244,"r":173,"time":48.5,"duration":1.5},{"type":"setColor","ease":"inSine","angle":360,"color":0,"g":255,"b":255,"time":50,"r":255,"duration":2},{"type":"setColor","ease":"outSine","angle":337.5,"color":0,"g":244,"b":244,"r":173,"time":52,"duration":2},{"type":"setColor","ease":"inSine","angle":0,"color":0,"g":255,"r":255,"b":255,"time":54,"duration":2},{"type":"setColor","ease":"outSine","angle":315,"color":0,"g":244,"time":56,"b":244,"r":173,"duration":2},{"type":"setColor","ease":"inSine","angle":360,"color":0,"g":255,"r":255,"b":255,"time":58,"duration":2},{"type":"setColor","ease":"outSine","angle":315,"color":0,"g":244,"r":173,"b":244,"time":60,"duration":2},{"type":"setColor","ease":"inSine","angle":315,"color":0,"g":255,"r":255,"b":255,"time":62,"duration":2},{"type":"setColor","ease":"outSine","angle":360,"color":0,"g":244,"time":64,"b":244,"r":173,"duration":2},{"type":"setColor","ease":"inSine","angle":337.5,"color":0,"g":255,"time":66,"b":255,"r":255,"duration":2},{"type":"setColor","ease":"outSine","angle":315,"color":0,"g":244,"r":173,"b":244,"time":68,"duration":2},{"type":"setColor","ease":"inSine","angle":337.5,"color":0,"g":255,"r":255,"b":255,"time":70,"duration":2}]}