[{"time":20,"type":"block","angle":0},{"time":20.5,"type":"block","angle":0},{"time":21,"type":"block","angle":11.25},{"time":21.25,"type":"block","angle":22.5},{"time":22,"type":"block","angle":33.75},{"time":21.75,"type":"block","angle":45},{"time":22.25,"type":"block","angle":22.5},{"time":22.5,"type":"block","angle":11.25},{"time":23,"type":"block","angle":326.25},{"time":23.5,"type":"block","angle":337.5},{"time":24.5,"type":"block","angle":78.75},{"time":24.75,"type":"block","angle":90},{"time":25,"type":"block","angle":101.25},{"time":25.25,"type":"block","angle":112.5},{"time":25.5,"type":"block","angle":123.75},{"time":25.75,"type":"block","angle":90},{"time":26,"type":"block","angle":56.25},{"time":26.25,"type":"block","angle":33.75},{"time":26.5,"type":"block","angle":22.5},{"time":27,"type":"block","angle":22.5},{"time":26.75,"type":"block","angle":33.75},{"time":27.25,"type":"block","angle":360},{"time":27.5,"type":"block","angle":337.5},{"time":27.75,"type":"block","angle":315},{"time":28,"type":"block","angle":292.5},{"time":20,"speedMult":1.5,"type":"extraTap","angle":348.75},{"time":24,"type":"block","angle":22.5},{"time":28.5,"type":"block","angle":337.5},{"time":29,"type":"block","angle":45},{"time":29.25,"type":"block","angle":22.5},{"time":29.5,"type":"block","angle":0},{"time":29.75,"type":"block","angle":337.5},{"time":30,"type":"block","angle":315},{"time":30.25,"type":"block","angle":292.5},{"time":30.5,"type":"block","angle":270},{"time":30.75,"type":"block","angle":225},{"time":31,"type":"block","angle":180},{"time":31.25,"type":"block","angle":135},{"time":31.5,"type":"block","angle":90},{"time":31.75,"type":"block","angle":67.5},{"time":32,"type":"block","angle":45},{"time":32.5,"type":"block","angle":22.5},{"time":32.75,"type":"block","angle":67.5},{"time":33,"type":"block","angle":112.5},{"time":33.25,"type":"block","angle":157.5},{"time":33.5,"type":"block","angle":180},{"time":33.75,"type":"block","angle":202.5},{"time":34,"type":"block","angle":180},{"time":34.25,"type":"block","angle":157.5},{"time":34.5,"type":"block","angle":135},{"time":35,"type":"block","angle":90},{"time":35.5,"type":"block","angle":45},{"time":36,"type":"block","angle":326.25},{"time":36.5,"type":"block","angle":303.75},{"time":37,"type":"block","angle":281.25},{"time":37.25,"type":"block","angle":292.5},{"time":38,"type":"block","angle":326.25},{"time":38.25,"type":"block","angle":303.75},{"time":37.75,"type":"block","angle":315},{"time":38.5,"type":"block","angle":281.25},{"time":39,"type":"block","angle":247.5},{"time":39.5,"type":"block","angle":225},{"time":40,"type":"block","angle":213.75},{"time":40.5,"type":"block","angle":236.25},{"time":40.75,"type":"block","angle":258.75},{"time":41,"type":"block","angle":281.25},{"time":41.25,"type":"block","angle":303.75},{"time":41.5,"type":"block","angle":292.5},{"time":41.75,"type":"block","angle":315},{"time":42,"type":"block","angle":337.5},{"time":42.25,"type":"block","angle":11.25},{"time":42.5,"type":"block","angle":0},{"time":42.75,"type":"block","angle":33.75},{"time":43,"type":"block","angle":56.25},{"time":43.25,"type":"block","angle":90},{"time":43.5,"type":"block","angle":123.75},{"time":43.75,"type":"block","angle":146.25},{"time":44,"type":"block","angle":168.75},{"time":44.5,"type":"block","angle":213.75},{"time":45,"type":"block","angle":281.25},{"time":45.25,"type":"block","angle":303.75},{"time":45.5,"type":"block","angle":326.25},{"time":45.75,"type":"block","angle":348.75},{"time":46,"type":"block","angle":11.25},{"time":46.25,"type":"block","angle":348.75},{"time":46.5,"type":"block","angle":326.25},{"time":46.75,"type":"block","angle":303.75},{"time":47,"type":"block","angle":281.25},{"time":47.25,"type":"block","angle":258.75},{"time":47.5,"type":"block","angle":236.25},{"time":47.75,"type":"block","angle":213.75},{"time":48,"type":"block","angle":191.25},{"time":48.5,"type":"block","angle":123.75},{"time":48.75,"type":"block","angle":90},{"time":49,"type":"block","angle":56.25},{"time":49.25,"type":"block","angle":22.5},{"time":49.5,"type":"block","angle":348.75},{"time":49.75,"type":"block","angle":315},{"time":50,"type":"block","angle":281.25},{"time":50.25,"type":"block","angle":247.5},{"time":50.5,"type":"block","angle":213.75},{"time":51,"type":"block","angle":247.5},{"time":51.5,"type":"block","angle":270},{"time":52,"type":"side","angle":315},{"time":53,"type":"side","angle":247.5},{"time":54,"type":"block","angle":281.25},{"time":54.25,"type":"block","angle":315},{"time":54.5,"type":"block","angle":348.75},{"time":54.75,"type":"block","angle":22.5},{"time":55,"type":"block","angle":45},{"time":55.25,"type":"block","angle":67.5},{"time":55.5,"type":"block","angle":90},{"time":55.75,"type":"block","angle":101.25},{"time":56.5,"type":"side","angle":112.5},{"time":56,"type":"side","angle":45},{"time":57,"type":"block","angle":78.75},{"time":57.25,"type":"block","angle":67.5},{"time":57.5,"type":"block","angle":56.25},{"time":57.75,"type":"block","angle":45},{"time":58,"type":"block","angle":22.5},{"time":58.25,"type":"block","angle":0},{"time":58.5,"type":"block","angle":337.5},{"time":58.75,"type":"block","angle":315},{"time":59,"type":"block","angle":281.25},{"time":59.25,"type":"block","angle":247.5},{"time":60,"type":"side","angle":146.25},{"time":59.5,"type":"block","angle":225},{"time":59.75,"type":"block","angle":202.5},{"time":61,"type":"side","angle":213.75},{"time":62,"type":"block","angle":180},{"time":62.25,"type":"block","angle":157.5},{"time":62.5,"type":"block","angle":135},{"time":62.75,"type":"block","angle":112.5},{"time":63,"type":"block","angle":90},{"time":63.25,"type":"block","angle":78.75},{"time":63.5,"type":"block","angle":56.25},{"time":63.75,"type":"block","angle":33.75},{"time":64,"type":"side","angle":326.25},{"time":64.5,"type":"block","angle":360},{"time":64.75,"type":"block","angle":22.5},{"time":65,"type":"block","angle":45},{"time":65.25,"type":"block","angle":33.75},{"time":65.5,"type":"block","angle":22.5},{"time":65.75,"type":"block","angle":11.25},{"time":66,"type":"block","angle":0},{"time":66.25,"type":"block","angle":348.75},{"time":66.5,"type":"block","angle":326.25},{"time":66.75,"type":"block","angle":303.75},{"time":67,"type":"side","angle":258.75},{"time":67.5,"type":"side","angle":326.25},{"time":68,"type":"side","angle":258.75},{"time":69,"type":"side","angle":326.25},{"time":70,"type":"block","angle":292.5},{"time":70.25,"type":"block","angle":315},{"time":70.5,"type":"block","angle":348.75},{"time":71,"type":"block","angle":33.75},{"time":71.25,"type":"block","angle":45},{"time":71.5,"type":"block","angle":67.5},{"time":70.75,"type":"block","angle":11.25},{"time":71.75,"type":"block","angle":90},{"time":72.5,"type":"side","angle":112.5},{"time":72,"type":"side","angle":45},{"time":73,"type":"block","angle":78.75},{"time":73.25,"type":"block","angle":101.25},{"time":73.5,"type":"block","angle":112.5},{"time":73.75,"type":"block","angle":101.25},{"time":74,"type":"block","angle":123.75},{"time":74.25,"type":"block","angle":146.25},{"time":74.5,"type":"block","angle":168.75},{"time":74.75,"type":"block","angle":191.25},{"time":75,"type":"block","angle":213.75},{"time":75.25,"type":"block","angle":225},{"time":75.5,"type":"block","angle":236.25},{"time":75.75,"type":"block","angle":247.5},{"time":76,"type":"side","angle":303.75},{"time":77,"type":"side","angle":247.5},{"time":78,"type":"block","angle":270},{"time":78.25,"type":"block","angle":292.5},{"time":78.5,"type":"block","angle":315},{"time":78.75,"type":"block","angle":337.5},{"time":79,"type":"block","angle":326.25},{"time":79.25,"type":"block","angle":303.75},{"time":79.5,"type":"block","angle":281.25},{"time":80,"type":"side","angle":326.25},{"time":80.5,"type":"block","angle":281.25},{"time":80.75,"type":"block","angle":303.75},{"time":81,"type":"block","angle":326.25},{"time":81.25,"type":"block","angle":348.75},{"time":81.5,"type":"block","angle":11.25},{"time":81.75,"type":"block","angle":33.75},{"time":82,"type":"block","angle":56.25},{"time":82.25,"type":"block","angle":67.5},{"time":82.5,"type":"block","angle":78.75},{"time":82.75,"type":"block","angle":90},{"time":83,"type":"side","angle":45},{"time":83.5,"type":"side","angle":112.5},{"time":84,"type":"block","angle":90},{"time":84.5,"type":"block","angle":67.5},{"time":85,"type":"block","angle":45},{"time":85.25,"type":"block","angle":56.25},{"time":86,"type":"block","angle":101.25},{"time":85.75,"type":"block","angle":90},{"time":86.25,"type":"block","angle":78.75},{"time":86.5,"type":"block","angle":56.25},{"time":87,"type":"block","angle":382.5},{"time":87.5,"type":"block","angle":348.75},{"time":88.5,"type":"block","angle":337.5},{"time":88.75,"type":"block","angle":360},{"time":89,"type":"block","angle":22.5},{"time":89.25,"type":"block","angle":45},{"time":89.5,"type":"block","angle":56.25},{"time":89.75,"type":"block","angle":67.5},{"time":90,"type":"block","angle":78.75},{"time":90.25,"type":"block","angle":90},{"time":90.5,"type":"block","angle":67.5},{"time":91,"type":"block","angle":22.5},{"time":90.75,"type":"block","angle":45},{"time":91.25,"type":"block","angle":0},{"time":91.5,"type":"block","angle":337.5},{"time":91.75,"type":"block","angle":315},{"time":92,"type":"block","angle":292.5},{"time":88,"type":"block","angle":315},{"time":92.5,"type":"block","angle":337.5},{"time":93,"type":"block","angle":22.5},{"time":93.25,"type":"block","angle":56.25},{"time":93.5,"type":"block","angle":78.75},{"time":93.75,"type":"block","angle":427.5},{"time":94,"type":"block","angle":405},{"time":94.25,"type":"block","angle":382.5},{"time":94.5,"type":"block","angle":360},{"time":94.75,"type":"block","angle":326.25},{"time":95,"type":"block","angle":292.5},{"time":95.25,"type":"block","angle":258.75},{"time":95.5,"type":"block","angle":213.75},{"time":95.75,"type":"block","angle":180},{"time":96,"type":"block","angle":146.25},{"time":96.5,"type":"block","angle":135},{"time":96.75,"type":"block","angle":157.5},{"time":97,"type":"block","angle":191.25},{"time":97.25,"type":"block","angle":225},{"time":97.5,"type":"block","angle":258.75},{"time":97.75,"type":"block","angle":292.5},{"time":98,"type":"block","angle":270},{"time":98.25,"type":"block","angle":247.5},{"time":98.5,"type":"block","angle":225},{"time":99,"type":"block","angle":180},{"time":99.5,"type":"block","angle":135},{"time":100,"type":"block","angle":416.25},{"time":100.5,"type":"block","angle":393.75},{"time":101,"type":"block","angle":371.25},{"time":101.25,"type":"block","angle":382.5},{"time":102,"type":"block","angle":416.25},{"time":102.25,"type":"block","angle":393.75},{"time":101.75,"type":"block","angle":405},{"time":102.5,"type":"block","angle":371.25},{"time":103,"type":"block","angle":337.5},{"time":103.5,"type":"block","angle":315},{"time":104,"type":"block","angle":303.75},{"time":104.5,"type":"block","angle":326.25},{"time":104.75,"type":"block","angle":348.75},{"time":105,"type":"block","angle":371.25},{"time":105.25,"type":"block","angle":393.75},{"time":105.5,"type":"block","angle":382.5},{"time":105.75,"type":"block","angle":405},{"time":106,"type":"block","angle":427.5},{"time":106.25,"type":"block","angle":101.25},{"time":106.5,"type":"block","angle":90},{"time":106.75,"type":"block","angle":123.75},{"time":107,"type":"block","angle":146.25},{"time":107.25,"type":"block","angle":180},{"time":107.5,"type":"block","angle":213.75},{"time":107.75,"type":"block","angle":236.25},{"time":108,"type":"block","angle":258.75},{"time":108.5,"type":"block","angle":303.75},{"time":109,"type":"block","angle":371.25},{"time":109.25,"type":"block","angle":393.75},{"time":109.5,"type":"block","angle":416.25},{"time":109.75,"type":"block","angle":438.75},{"time":110,"type":"block","angle":101.25},{"time":110.25,"type":"block","angle":438.75},{"time":110.5,"type":"block","angle":416.25},{"time":110.75,"type":"block","angle":393.75},{"time":111,"type":"block","angle":371.25},{"time":111.25,"type":"block","angle":348.75},{"time":111.5,"type":"block","angle":326.25},{"time":111.75,"type":"block","angle":303.75},{"time":112,"type":"block","angle":281.25},{"time":112.5,"type":"block","angle":213.75},{"time":112.75,"type":"block","angle":180},{"time":113,"type":"block","angle":146.25},{"time":113.25,"type":"block","angle":112.5},{"time":113.5,"type":"block","angle":438.75},{"time":113.75,"type":"block","angle":405},{"time":114,"type":"block","angle":371.25},{"time":114.25,"type":"block","angle":337.5},{"time":114.5,"type":"block","angle":315},{"time":115,"type":"block","angle":292.5},{"time":115.5,"type":"block","angle":270},{"time":116,"type":"side","angle":315},{"time":117,"type":"side","angle":247.5},{"time":118,"type":"block","angle":270},{"time":118.25,"type":"block","angle":247.5},{"time":118.5,"type":"block","angle":225},{"time":118.75,"type":"block","angle":202.5},{"time":119,"type":"block","angle":180},{"time":119.25,"type":"block","angle":157.5},{"time":119.5,"type":"block","angle":135},{"time":119.75,"type":"block","angle":112.5},{"time":120.5,"type":"side","angle":112.5},{"time":120,"type":"side","angle":45},{"time":121,"type":"block","angle":78.75},{"time":121.25,"type":"block","angle":90},{"time":121.5,"type":"block","angle":101.25},{"time":121.75,"type":"block","angle":112.5},{"time":122,"type":"block","angle":123.75},{"time":122.25,"type":"block","angle":101.25},{"time":122.5,"type":"block","angle":427.5},{"time":122.75,"type":"block","angle":405},{"time":123,"type":"block","angle":371.25},{"time":123.25,"type":"block","angle":337.5},{"time":124,"type":"side","angle":236.25},{"time":123.5,"type":"block","angle":315},{"time":123.75,"type":"block","angle":292.5},{"time":125,"type":"side","angle":303.75},{"time":126,"type":"block","angle":270},{"time":126.25,"type":"block","angle":247.5},{"time":126.5,"type":"block","angle":225},{"time":126.75,"type":"block","angle":202.5},{"time":127,"type":"block","angle":180},{"time":127.25,"type":"block","angle":168.75},{"time":127.5,"type":"block","angle":146.25},{"time":127.75,"type":"block","angle":123.75},{"time":128,"type":"side","angle":416.25},{"time":128.5,"type":"block","angle":450},{"time":128.75,"type":"block","angle":112.5},{"time":129,"type":"block","angle":135},{"time":129.25,"type":"block","angle":157.5},{"time":129.5,"type":"block","angle":180},{"time":129.75,"type":"block","angle":213.75},{"time":130,"type":"block","angle":247.5},{"time":130.25,"type":"block","angle":270},{"time":130.5,"type":"block","angle":292.5},{"time":130.75,"type":"block","angle":315},{"time":131,"type":"side","angle":11.25},{"time":131.5,"type":"side","angle":281.25},{"time":132,"type":"side","angle":11.25},{"time":133,"type":"side","angle":281.25},{"time":134,"type":"block","angle":382.5},{"time":134.25,"type":"block","angle":405},{"time":134.5,"type":"block","angle":67.5},{"time":135,"type":"block","angle":101.25},{"time":135.25,"type":"block","angle":112.5},{"time":135.5,"type":"block","angle":101.25},{"time":134.75,"type":"block","angle":90},{"time":135.75,"type":"block","angle":90},{"time":136.5,"type":"side","angle":135},{"time":136,"type":"side","angle":45},{"time":137,"type":"block","angle":112.5},{"time":137.25,"type":"block","angle":146.25},{"time":137.5,"type":"block","angle":180},{"time":137.75,"type":"block","angle":213.75},{"time":138,"type":"block","angle":236.25},{"time":138.25,"type":"block","angle":258.75},{"time":138.5,"type":"block","angle":281.25},{"time":138.75,"type":"block","angle":292.5},{"time":139,"type":"block","angle":303.75},{"time":139.25,"type":"block","angle":315},{"time":139.5,"type":"block","angle":326.25},{"time":139.75,"type":"block","angle":337.5},{"time":140,"type":"side","angle":393.75},{"time":141,"type":"side","angle":337.5},{"time":142,"type":"block","angle":360},{"time":142.25,"type":"block","angle":382.5},{"time":142.5,"type":"block","angle":405},{"time":142.75,"type":"block","angle":427.5},{"time":143,"type":"block","angle":416.25},{"time":143.25,"type":"block","angle":393.75},{"time":143.5,"type":"block","angle":371.25},{"time":144,"type":"side","angle":67.5},{"time":144.5,"type":"block","angle":371.25},{"time":144.75,"type":"block","angle":393.75},{"time":145,"type":"block","angle":416.25},{"time":145.25,"type":"block","angle":438.75},{"time":145.5,"type":"block","angle":101.25},{"time":145.75,"type":"block","angle":123.75},{"time":146,"type":"block","angle":135},{"time":146.25,"type":"block","angle":123.75},{"time":146.5,"type":"block","angle":112.5},{"time":146.75,"type":"block","angle":101.25},{"time":147,"type":"side","angle":45},{"time":147.5,"type":"side","angle":123.75}]