{"properties":{"offset":8,"formatversion":14,"loadBeat":-1,"speed":70,"startingBeat":-2},"events":[{"time":0,"volume":1.2000000476837,"offset":0.035000000149012,"bpm":142,"type":"play","file":"nyan.ogg","angle":45},{"g":0,"b":0,"angle":0,"time":-3,"description":"","type":"bookmark","name":"boo","r":0},{"time":-1,"voidColor":4,"type":"setBgColor","color":3,"angle":11.25},{"time":-1,"angle":0,"type":"outline","color":2,"enable":true},{"time":-2,"var":"p.bodyRadius","type":"ease","value":13,"angle":360},{"time":-2,"var":"p.paddleDistance","type":"ease","value":0,"angle":11.25},{"g":0,"angle":348.75,"time":-1,"b":0,"type":"setColor","color":3,"r":0},{"time":-2,"var":"p.lookRadius","type":"ease","value":0,"angle":348.75},{"time":-2,"spriteName":"idle","type":"forcePlayerSprite","angle":22.5},{"time":1,"spriteName":"face.png","type":"forcePlayerSprite","angle":11.25},{"time":1.375,"spriteName":"idle","type":"forcePlayerSprite","angle":11.25},{"var":"p.lookYOffset","ease":"outSine","value":0,"angle":22.5,"time":1,"type":"ease","duration":1,"start":4},{"time":3,"spriteName":"face.png","type":"forcePlayerSprite","angle":11.25},{"var":"p.lookYOffset","ease":"outSine","value":0,"angle":22.5,"time":3,"type":"ease","duration":0.5,"start":4},{"time":3.375,"spriteName":"face.png","type":"forcePlayerSprite","angle":11.25},{"time":3.75,"spriteName":"idle","type":"forcePlayerSprite","angle":11.25},{"var":"p.lookYOffset","ease":"outSine","value":0,"angle":22.5,"time":3.375,"type":"ease","duration":0.5,"start":4},{"time":3.25,"spriteName":"idle","type":"forcePlayerSprite","angle":11.25},{"var":"p.bodyRadius","ease":"outCirc","value":17,"angle":360,"time":5.75,"type":"ease","duration":0.5,"start":23},{"time":7.75,"spriteName":"face4.png","type":"forcePlayerSprite","angle":22.5},{"time":7.8125,"spriteName":"face5.png","type":"forcePlayerSprite","angle":22.5},{"time":7.9375,"spriteName":"face3.png","type":"forcePlayerSprite","angle":22.5},{"time":8.875,"duration":0.5,"var":"p.paddleDistance","value":24,"ease":"outBack","type":"ease","angle":11.25},{"time":10,"angle":0,"type":"paddles","ease":"linear","duration":0,"newAngle":360,"paddle":1},{"time":10.001000404358,"angle":11.25,"type":"paddles","ease":"outBack","duration":0.75,"newAngle":0,"paddle":1},{"time":11,"angle":0,"type":"paddles","ease":"linear","duration":0,"newAngle":360,"paddle":1},{"time":11.001000404358,"angle":11.25,"type":"paddles","ease":"outBack","duration":0.75,"newAngle":0,"paddle":1},{"time":12,"duration":1,"var":"p.lookRadius","value":5,"ease":"outExpo","type":"ease","angle":360},{"time":12,"start":0,"var":"scrollSpeed","type":"ease","value":0.5,"duration":7,"angle":11.25},{"time":12,"start":6,"var":"noteRadius","type":"ease","value":8,"duration":7,"angle":22.5},{"time":20,"value":1.5,"var":"scrollSpeed","duration":1,"ease":"outSine","type":"ease","angle":11.25},{"time":20,"duration":1,"var":"noteRadius","value":9,"ease":"outSine","type":"ease","angle":22.5},{"time":18.5,"value":0.80000001192093,"var":"scrollSpeed","duration":1.5,"ease":"inSine","type":"ease","angle":11.25},{"time":-2,"var":"vfx.comboY","type":"ease","value":-50,"angle":45},{"time":-2,"var":"vfx.accuracyX","type":"ease","value":60,"angle":67.5},{"time":-2,"var":"vfx.accuracyY","type":"ease","value":-40,"angle":78.75},{"x":280,"y":170,"sprite":"imallears1.png","time":6.75,"r":-30,"angle":11.25,"oy":12,"type":"deco","outline":true,"ox":9,"drawOrder":1,"drawLayer":"bg","id":"ear1"},{"x":285,"y":162,"ease":"outBack","angle":22.5,"time":6.7509999275208,"type":"deco","r":0,"duration":0.5,"id":"ear1"},{"x":320,"y":170,"sprite":"imallears1.png","oy":12,"id":"ear2","outline":true,"angle":33.75,"time":6.75,"sx":-1,"type":"deco","ox":9,"drawOrder":1,"drawLayer":"bg","r":30},{"x":315,"y":162,"ease":"outBack","angle":45,"time":6.7509999275208,"type":"deco","r":0,"duration":0.5,"id":"ear2"},{"time":-2,"var":"vfx.difficultyX","type":"ease","value":60,"angle":101.25},{"time":-2,"var":"vfx.difficultyY","type":"ease","value":30,"angle":112.5},{"time":20,"duration":2,"var":"vfx.comboY","value":0,"ease":"outCirc","type":"ease","angle":56.25},{"time":20,"duration":2,"var":"vfx.accuracyX","value":0,"ease":"outCirc","type":"ease","angle":78.75},{"time":20,"duration":2,"var":"vfx.accuracyY","value":0,"ease":"outCirc","type":"ease","angle":90},{"time":20,"var":"vfx.difficultyX","type":"ease","value":-270,"angle":112.5},{"time":20,"duration":2,"var":"vfx.difficultyY","value":0,"ease":"outCirc","type":"ease","angle":123.75},{"var":"vfx.comboX","ease":"outCirc","value":-250,"angle":45,"time":20,"type":"ease","duration":2,"start":-300},{"g":255,"ease":"outSine","b":255,"angle":337.5,"time":20,"type":"setColor","duration":0.5,"color":3,"r":255},{"g":101,"ease":"outSine","b":98,"angle":326.25,"time":20.125,"type":"setColor","duration":2,"color":2,"r":101},{"g":255,"angle":337.5,"time":-1,"b":255,"type":"setColor","color":2,"r":255},{"g":255,"r":255,"time":20,"type":"setColor","b":255,"color":1,"angle":315},{"g":24,"ease":"outSine","b":24,"angle":315,"time":20.125,"type":"setColor","duration":2,"color":1,"r":24},{"g":255,"ease":"outSine","b":255,"angle":303.75,"time":20.125,"type":"setColor","duration":2,"color":0,"r":255},{"time":-2,"var":"vfx.drawSongTitle","enable":false,"type":"setBoolean","angle":337.5},{"time":20,"angleOffset":false,"type":"tag","tag":"earbounce","angle":281.25},{"time":21,"angleOffset":false,"type":"tag","tag":"earbounce","angle":281.25},{"var":"p.y","ease":"outCubic","value":180,"angle":270,"time":20,"type":"ease","duration":1,"start":182},{"var":"p.y","ease":"outCubic","value":180,"angle":270,"time":21,"type":"ease","duration":1,"start":182},{"time":22,"angleOffset":false,"type":"tag","tag":"earbounce","angle":281.25},{"var":"p.y","ease":"outCubic","value":180,"angle":270,"time":22,"type":"ease","duration":1,"start":182},{"time":24,"angleOffset":false,"type":"tag","tag":"earbounce","angle":281.25},{"var":"p.y","ease":"outCubic","value":180,"angle":270,"time":24,"type":"ease","duration":1,"start":182},{"time":23,"angleOffset":false,"type":"tag","tag":"earbounce","angle":281.25},{"var":"p.y","ease":"outCubic","value":180,"angle":270,"time":23,"type":"ease","duration":1,"start":182},{"time":25,"angleOffset":false,"type":"tag","tag":"earbounce","angle":281.25},{"var":"p.y","ease":"outCubic","value":180,"angle":270,"time":25,"type":"ease","duration":1,"start":182},{"time":26,"angleOffset":false,"type":"tag","tag":"earbounce","angle":281.25},{"var":"p.y","ease":"outCubic","value":180,"angle":270,"time":26,"type":"ease","duration":1,"start":182},{"time":27,"angleOffset":false,"type":"tag","tag":"earbounce","angle":281.25},{"var":"p.y","ease":"outCubic","value":180,"angle":270,"time":27,"type":"ease","duration":1,"start":182},{"time":28,"angleOffset":false,"type":"tag","tag":"earbounce","angle":281.25},{"var":"p.y","ease":"outCubic","value":180,"angle":270,"time":28,"type":"ease","duration":1,"start":182},{"time":29,"angleOffset":false,"type":"tag","tag":"earbounce","angle":281.25},{"var":"p.y","ease":"outCubic","value":180,"angle":270,"time":29,"type":"ease","duration":1,"start":182},{"time":30,"angleOffset":false,"type":"tag","tag":"earbounce","angle":281.25},{"var":"p.y","ease":"outCubic","value":180,"angle":270,"time":30,"type":"ease","duration":1,"start":182},{"time":31,"angleOffset":false,"type":"tag","tag":"earbounce","angle":281.25},{"var":"p.y","ease":"outCubic","value":180,"angle":270,"time":31,"type":"ease","duration":1,"start":182},{"time":32,"angleOffset":false,"type":"tag","tag":"earbounce","angle":281.25},{"var":"p.y","ease":"outCubic","value":180,"angle":270,"time":32,"type":"ease","duration":1,"start":182},{"g":93,"b":70,"angle":258.75,"time":20,"description":"","type":"bookmark","name":"start2","r":142},{"time":33,"angleOffset":false,"type":"tag","tag":"earbounce","angle":281.25},{"var":"p.y","ease":"outCubic","value":180,"angle":270,"time":33,"type":"ease","duration":1,"start":182},{"time":34,"angleOffset":false,"type":"tag","tag":"earbounce","angle":281.25},{"var":"p.y","ease":"outCubic","value":180,"angle":270,"time":34,"type":"ease","duration":1,"start":182},{"time":35,"angleOffset":false,"type":"tag","tag":"earbounce","angle":281.25},{"var":"p.y","ease":"outCubic","value":180,"angle":270,"time":35,"type":"ease","duration":1,"start":182},{"time":36,"angleOffset":false,"type":"tag","tag":"earbounce","angle":281.25},{"var":"p.y","ease":"outCubic","value":180,"angle":270,"time":36,"type":"ease","duration":1,"start":182},{"time":160,"type":"showResults","angle":22.5},{"time":20,"angleOffset":false,"tag":"pulse","type":"tag","angle":236.25},{"time":22,"angleOffset":false,"tag":"pulse","type":"tag","angle":236.25},{"time":24,"angleOffset":false,"tag":"pulse","type":"tag","angle":236.25},{"time":26,"angleOffset":false,"tag":"pulse","type":"tag","angle":236.25},{"time":28,"angleOffset":false,"tag":"pulse","type":"tag","angle":236.25},{"time":30,"angleOffset":false,"tag":"pulse","type":"tag","angle":236.25},{"time":21,"angleOffset":false,"tag":"pulse","type":"tag","angle":236.25},{"time":23,"angleOffset":false,"tag":"pulse","type":"tag","angle":236.25},{"time":25,"angleOffset":false,"tag":"pulse","type":"tag","angle":236.25},{"time":27,"angleOffset":false,"tag":"pulse","type":"tag","angle":236.25},{"time":29,"angleOffset":false,"tag":"pulse","type":"tag","angle":236.25},{"time":31,"angleOffset":false,"tag":"pulse","type":"tag","angle":236.25},{"time":32,"angleOffset":false,"tag":"pulse","type":"tag","angle":236.25},{"time":33,"angleOffset":false,"tag":"pulse","type":"tag","angle":236.25},{"time":34,"angleOffset":false,"tag":"pulse","type":"tag","angle":236.25},{"time":35,"angleOffset":false,"tag":"pulse","type":"tag","angle":236.25},{"time":36,"angleOffset":false,"tag":"pulse","type":"tag","angle":236.25},{"time":37,"angleOffset":false,"tag":"earbounce","type":"tag","angle":281.25},{"var":"p.y","ease":"outCubic","start":182,"angle":270,"time":37,"type":"ease","duration":1,"value":180},{"time":37,"angleOffset":false,"type":"tag","tag":"pulse","angle":236.25},{"time":38,"angleOffset":false,"tag":"earbounce","type":"tag","angle":281.25},{"var":"p.y","ease":"outCubic","start":182,"angle":270,"time":38,"type":"ease","duration":1,"value":180},{"time":38,"angleOffset":false,"type":"tag","tag":"pulse","angle":236.25},{"time":39,"angleOffset":false,"tag":"earbounce","type":"tag","angle":281.25},{"var":"p.y","ease":"outCubic","start":182,"angle":270,"time":39,"type":"ease","duration":1,"value":180},{"time":39,"angleOffset":false,"type":"tag","tag":"pulse","angle":236.25},{"time":40,"angleOffset":false,"tag":"earbounce","type":"tag","angle":281.25},{"var":"p.y","ease":"outCubic","start":182,"angle":270,"time":40,"type":"ease","duration":1,"value":180},{"time":40,"angleOffset":false,"type":"tag","tag":"pulse","angle":236.25},{"time":41,"angleOffset":false,"tag":"earbounce","type":"tag","angle":270},{"var":"p.y","ease":"outCubic","start":182,"angle":258.75,"time":41,"type":"ease","duration":1,"value":180},{"time":41,"angleOffset":false,"type":"tag","tag":"pulse","angle":225},{"time":42,"angleOffset":false,"tag":"earbounce","type":"tag","angle":281.25},{"var":"p.y","ease":"outCubic","start":182,"angle":270,"time":42,"type":"ease","duration":1,"value":180},{"time":42,"angleOffset":false,"type":"tag","tag":"pulse","angle":236.25},{"time":43,"angleOffset":false,"tag":"earbounce","type":"tag","angle":281.25},{"var":"p.y","ease":"outCubic","start":182,"angle":270,"time":43,"type":"ease","duration":1,"value":180},{"time":43,"angleOffset":false,"type":"tag","tag":"pulse","angle":236.25},{"time":44,"angleOffset":false,"tag":"earbounce","type":"tag","angle":281.25},{"var":"p.y","ease":"outCubic","start":182,"angle":270,"time":44,"type":"ease","duration":1,"value":180},{"time":44,"angleOffset":false,"type":"tag","tag":"pulse","angle":236.25},{"time":45,"angleOffset":false,"tag":"earbounce","type":"tag","angle":270},{"var":"p.y","ease":"outCubic","start":182,"angle":258.75,"time":45,"type":"ease","duration":1,"value":180},{"time":45,"angleOffset":false,"type":"tag","tag":"pulse","angle":225},{"time":46,"angleOffset":false,"tag":"earbounce","type":"tag","angle":281.25},{"var":"p.y","ease":"outCubic","start":182,"angle":270,"time":46,"type":"ease","duration":1,"value":180},{"time":46,"angleOffset":false,"type":"tag","tag":"pulse","angle":236.25},{"time":47,"angleOffset":false,"tag":"earbounce","type":"tag","angle":270},{"var":"p.y","ease":"outCubic","start":182,"angle":258.75,"time":47,"type":"ease","duration":1,"value":180},{"time":47,"angleOffset":false,"type":"tag","tag":"pulse","angle":225},{"time":48,"angleOffset":false,"tag":"earbounce","type":"tag","angle":281.25},{"var":"p.y","ease":"outCubic","start":182,"angle":270,"time":48,"type":"ease","duration":1,"value":180},{"time":48,"angleOffset":false,"type":"tag","tag":"pulse","angle":236.25},{"time":49,"angleOffset":false,"tag":"earbounce","type":"tag","angle":281.25},{"var":"p.y","ease":"outCubic","start":182,"angle":270,"time":49,"type":"ease","duration":1,"value":180},{"time":49,"angleOffset":false,"type":"tag","tag":"pulse","angle":236.25},{"time":50,"angleOffset":false,"tag":"earbounce","type":"tag","angle":270},{"var":"p.y","ease":"outCubic","start":182,"angle":258.75,"time":50,"type":"ease","duration":1,"value":180},{"time":50,"angleOffset":false,"type":"tag","tag":"pulse","angle":225},{"time":51,"angleOffset":false,"tag":"earbounce","type":"tag","angle":281.25},{"var":"p.y","ease":"outCubic","start":182,"angle":270,"time":51,"type":"ease","duration":1,"value":180},{"time":51,"angleOffset":false,"type":"tag","tag":"pulse","angle":236.25},{"time":52,"angleOffset":false,"tag":"earbounce","type":"tag","angle":281.25},{"var":"p.y","ease":"outCubic","start":182,"angle":270,"time":52,"type":"ease","duration":1,"value":180},{"time":52,"angleOffset":false,"type":"tag","tag":"pulse","angle":236.25},{"time":53,"angleOffset":false,"tag":"earbounce","type":"tag","angle":281.25},{"var":"p.y","ease":"outCubic","start":182,"angle":270,"time":53,"type":"ease","duration":1,"value":180},{"time":53,"angleOffset":false,"type":"tag","tag":"pulse","angle":236.25},{"time":54,"angleOffset":false,"tag":"earbounce","type":"tag","angle":270},{"var":"p.y","ease":"outCubic","start":182,"angle":258.75,"time":54,"type":"ease","duration":1,"value":180},{"time":54,"angleOffset":false,"type":"tag","tag":"pulse","angle":225},{"time":55,"angleOffset":false,"tag":"earbounce","type":"tag","angle":281.25},{"var":"p.y","ease":"outCubic","start":182,"angle":270,"time":55,"type":"ease","duration":1,"value":180},{"time":55,"angleOffset":false,"type":"tag","tag":"pulse","angle":236.25},{"time":56,"angleOffset":false,"tag":"earbounce","type":"tag","angle":281.25},{"var":"p.y","ease":"outCubic","start":182,"angle":270,"time":56,"type":"ease","duration":1,"value":180},{"time":56,"angleOffset":false,"type":"tag","tag":"pulse","angle":236.25},{"time":57,"angleOffset":false,"tag":"earbounce","type":"tag","angle":281.25},{"var":"p.y","ease":"outCubic","start":182,"angle":270,"time":57,"type":"ease","duration":1,"value":180},{"time":57,"angleOffset":false,"type":"tag","tag":"pulse","angle":236.25},{"time":58,"angleOffset":false,"tag":"earbounce","type":"tag","angle":281.25},{"var":"p.y","ease":"outCubic","start":182,"angle":270,"time":58,"type":"ease","duration":1,"value":180},{"time":58,"angleOffset":false,"type":"tag","tag":"pulse","angle":236.25},{"time":59,"angleOffset":false,"tag":"earbounce","type":"tag","angle":270},{"var":"p.y","ease":"outCubic","start":182,"angle":258.75,"time":59,"type":"ease","duration":1,"value":180},{"time":59,"angleOffset":false,"type":"tag","tag":"pulse","angle":225},{"time":60,"angleOffset":false,"tag":"earbounce","type":"tag","angle":281.25},{"var":"p.y","ease":"outCubic","start":182,"angle":270,"time":60,"type":"ease","duration":1,"value":180},{"time":60,"angleOffset":false,"type":"tag","tag":"pulse","angle":236.25},{"time":61,"angleOffset":false,"tag":"earbounce","type":"tag","angle":281.25},{"var":"p.y","ease":"outCubic","start":182,"angle":270,"time":61,"type":"ease","duration":1,"value":180},{"time":61,"angleOffset":false,"type":"tag","tag":"pulse","angle":236.25},{"time":62,"angleOffset":false,"tag":"earbounce","type":"tag","angle":281.25},{"var":"p.y","ease":"outCubic","start":182,"angle":270,"time":62,"type":"ease","duration":1,"value":180},{"time":62,"angleOffset":false,"type":"tag","tag":"pulse","angle":236.25},{"time":63,"angleOffset":false,"tag":"earbounce","type":"tag","angle":281.25},{"var":"p.y","ease":"outCubic","start":182,"angle":270,"time":63,"type":"ease","duration":1,"value":180},{"time":63,"angleOffset":false,"type":"tag","tag":"pulse","angle":236.25},{"time":64,"angleOffset":false,"tag":"earbounce","type":"tag","angle":281.25},{"var":"p.y","ease":"outCubic","start":182,"angle":270,"time":64,"type":"ease","duration":1,"value":180},{"time":64,"angleOffset":false,"type":"tag","tag":"pulse","angle":236.25},{"time":65,"angleOffset":false,"tag":"earbounce","type":"tag","angle":281.25},{"var":"p.y","ease":"outCubic","start":182,"angle":270,"time":65,"type":"ease","duration":1,"value":180},{"time":65,"angleOffset":false,"type":"tag","tag":"pulse","angle":236.25},{"time":66,"angleOffset":false,"tag":"earbounce","type":"tag","angle":281.25},{"var":"p.y","ease":"outCubic","start":182,"angle":270,"time":66,"type":"ease","duration":1,"value":180},{"time":66,"angleOffset":false,"type":"tag","tag":"pulse","angle":236.25},{"time":67,"angleOffset":false,"tag":"earbounce","type":"tag","angle":281.25},{"var":"p.y","ease":"outCubic","start":182,"angle":270,"time":67,"type":"ease","duration":1,"value":180},{"time":67,"angleOffset":false,"type":"tag","tag":"pulse","angle":236.25},{"time":68,"angleOffset":false,"tag":"earbounce","type":"tag","angle":281.25},{"var":"p.y","ease":"outCubic","start":182,"angle":270,"time":68,"type":"ease","duration":1,"value":180},{"time":68,"angleOffset":false,"type":"tag","tag":"pulse","angle":236.25},{"time":69,"angleOffset":false,"tag":"earbounce","type":"tag","angle":281.25},{"var":"p.y","ease":"outCubic","start":182,"angle":270,"time":69,"type":"ease","duration":1,"value":180},{"time":69,"angleOffset":false,"type":"tag","tag":"pulse","angle":236.25},{"time":70,"angleOffset":false,"tag":"earbounce","type":"tag","angle":281.25},{"var":"p.y","ease":"outCubic","start":182,"angle":270,"time":70,"type":"ease","duration":1,"value":180},{"time":70,"angleOffset":false,"type":"tag","tag":"pulse","angle":236.25},{"time":71,"angleOffset":false,"tag":"earbounce","type":"tag","angle":281.25},{"var":"p.y","ease":"outCubic","start":182,"angle":270,"time":71,"type":"ease","duration":1,"value":180},{"time":71,"angleOffset":false,"type":"tag","tag":"pulse","angle":236.25},{"time":72,"angleOffset":false,"tag":"earbounce","type":"tag","angle":281.25},{"var":"p.y","ease":"outCubic","start":182,"angle":270,"time":72,"type":"ease","duration":1,"value":180},{"time":72,"angleOffset":false,"type":"tag","tag":"pulse","angle":236.25},{"time":73,"angleOffset":false,"tag":"earbounce","type":"tag","angle":281.25},{"var":"p.y","ease":"outCubic","start":182,"angle":270,"time":73,"type":"ease","duration":1,"value":180},{"time":73,"angleOffset":false,"type":"tag","tag":"pulse","angle":236.25},{"time":74,"angleOffset":false,"tag":"earbounce","type":"tag","angle":281.25},{"var":"p.y","ease":"outCubic","start":182,"angle":270,"time":74,"type":"ease","duration":1,"value":180},{"time":74,"angleOffset":false,"type":"tag","tag":"pulse","angle":236.25},{"time":75,"angleOffset":false,"tag":"earbounce","type":"tag","angle":281.25},{"var":"p.y","ease":"outCubic","start":182,"angle":270,"time":75,"type":"ease","duration":1,"value":180},{"time":75,"angleOffset":false,"type":"tag","tag":"pulse","angle":236.25},{"time":76,"angleOffset":false,"tag":"earbounce","type":"tag","angle":281.25},{"var":"p.y","ease":"outCubic","start":182,"angle":270,"time":76,"type":"ease","duration":1,"value":180},{"time":76,"angleOffset":false,"type":"tag","tag":"pulse","angle":236.25},{"time":77,"angleOffset":false,"tag":"earbounce","type":"tag","angle":281.25},{"var":"p.y","ease":"outCubic","start":182,"angle":270,"time":77,"type":"ease","duration":1,"value":180},{"time":77,"angleOffset":false,"type":"tag","tag":"pulse","angle":236.25},{"time":78,"angleOffset":false,"tag":"earbounce","type":"tag","angle":258.75},{"var":"p.y","ease":"outCubic","start":182,"angle":247.5,"time":78,"type":"ease","duration":1,"value":180},{"time":78,"angleOffset":false,"type":"tag","tag":"pulse","angle":213.75},{"time":79,"angleOffset":false,"tag":"earbounce","type":"tag","angle":281.25},{"var":"p.y","ease":"outCubic","start":182,"angle":270,"time":79,"type":"ease","duration":1,"value":180},{"time":79,"angleOffset":false,"type":"tag","tag":"pulse","angle":236.25},{"time":80,"angleOffset":false,"tag":"earbounce","type":"tag","angle":281.25},{"var":"p.y","ease":"outCubic","start":182,"angle":270,"time":80,"type":"ease","duration":1,"value":180},{"time":80,"angleOffset":false,"type":"tag","tag":"pulse","angle":236.25},{"time":81,"angleOffset":false,"tag":"earbounce","type":"tag","angle":281.25},{"var":"p.y","ease":"outCubic","start":182,"angle":270,"time":81,"type":"ease","duration":1,"value":180},{"time":81,"angleOffset":false,"type":"tag","tag":"pulse","angle":236.25},{"time":82,"angleOffset":false,"tag":"earbounce","type":"tag","angle":281.25},{"var":"p.y","ease":"outCubic","start":182,"angle":270,"time":82,"type":"ease","duration":1,"value":180},{"time":82,"angleOffset":false,"type":"tag","tag":"pulse","angle":236.25},{"time":83,"angleOffset":false,"tag":"earbounce","type":"tag","angle":281.25},{"var":"p.y","ease":"outCubic","start":182,"angle":270,"time":83,"type":"ease","duration":1,"value":180},{"time":83,"angleOffset":false,"type":"tag","tag":"pulse","angle":236.25},{"time":19.5,"angle":281.25,"drawOrder":-1,"type":"deco","hide":true,"id":"pulse"},{"time":20.000999450684,"angle":286.875,"type":"deco","hide":false,"id":"pulse"},{"time":20,"angleOffset":false,"tag":"nya1","type":"tag","angle":180},{"time":21,"angleOffset":false,"type":"tag","tag":"nya2","angle":180},{"time":22,"angleOffset":false,"tag":"nya33","type":"tag","angle":180},{"g":216,"ease":"outSine","b":216,"angle":191.25,"time":20,"type":"setColor","duration":0.5,"color":6,"r":216},{"time":23,"angleOffset":false,"type":"tag","tag":"nya4","angle":180},{"time":24,"angleOffset":false,"tag":"nya5","type":"tag","angle":180},{"time":25,"angleOffset":false,"type":"tag","tag":"nya1","angle":180},{"time":26,"angleOffset":false,"type":"tag","tag":"nya2","angle":180},{"time":27,"angleOffset":false,"type":"tag","tag":"nya33","angle":180},{"time":28,"angleOffset":false,"type":"tag","tag":"nya4","angle":180},{"time":29,"angleOffset":false,"type":"tag","tag":"nya5","angle":180},{"time":30,"angleOffset":false,"tag":"nya1","type":"tag","angle":180},{"time":31,"angleOffset":false,"tag":"nya2","type":"tag","angle":168.75},{"time":32,"angleOffset":false,"tag":"nya33","type":"tag","angle":180},{"time":33,"angleOffset":false,"tag":"nya4","type":"tag","angle":180},{"time":34,"angleOffset":false,"tag":"nya5","type":"tag","angle":168.75},{"time":35,"angleOffset":false,"tag":"nya1","type":"tag","angle":180},{"time":36,"angleOffset":false,"tag":"nya2","type":"tag","angle":180},{"time":37,"angleOffset":false,"tag":"nya33","type":"tag","angle":180},{"time":38,"angleOffset":false,"tag":"nya4","type":"tag","angle":180},{"time":39,"angleOffset":false,"tag":"nya5","type":"tag","angle":180},{"time":40,"angleOffset":false,"tag":"nya1","type":"tag","angle":180},{"time":41,"angleOffset":false,"tag":"nya2","type":"tag","angle":180},{"time":42,"angleOffset":false,"tag":"nya33","type":"tag","angle":180},{"time":43,"angleOffset":false,"tag":"nya4","type":"tag","angle":180},{"time":44,"angleOffset":false,"tag":"nya5","type":"tag","angle":180},{"time":45,"angleOffset":false,"tag":"nya1","type":"tag","angle":180},{"time":46,"angleOffset":false,"tag":"nya2","type":"tag","angle":180},{"time":47,"angleOffset":false,"tag":"nya33","type":"tag","angle":180},{"time":48,"angleOffset":false,"tag":"nya4","type":"tag","angle":180},{"time":49,"angleOffset":false,"tag":"nya5","type":"tag","angle":180},{"time":50,"angleOffset":false,"tag":"nya1","type":"tag","angle":180},{"time":51,"angleOffset":false,"tag":"nya2","type":"tag","angle":180},{"time":52,"angleOffset":false,"tag":"nya33","type":"tag","angle":180},{"time":53,"angleOffset":false,"tag":"nya4","type":"tag","angle":180},{"time":54,"angleOffset":false,"tag":"nya5","type":"tag","angle":180},{"time":55,"angleOffset":false,"tag":"nya1","type":"tag","angle":180},{"time":56,"angleOffset":false,"tag":"nya2","type":"tag","angle":180},{"time":57,"angleOffset":false,"tag":"nya33","type":"tag","angle":180},{"time":58,"angleOffset":false,"tag":"nya4","type":"tag","angle":180},{"time":59,"angleOffset":false,"tag":"nya5","type":"tag","angle":180},{"time":60,"angleOffset":false,"tag":"nya1","type":"tag","angle":180},{"time":61,"angleOffset":false,"tag":"nya2","type":"tag","angle":180},{"time":62,"angleOffset":false,"tag":"nya33","type":"tag","angle":191.25},{"time":63,"angleOffset":false,"tag":"nya4","type":"tag","angle":180},{"time":64,"angleOffset":false,"tag":"nya5","type":"tag","angle":180},{"time":65,"angleOffset":false,"tag":"nya1","type":"tag","angle":180},{"time":66,"angleOffset":false,"tag":"nya2","type":"tag","angle":180},{"time":67,"angleOffset":false,"tag":"nya33","type":"tag","angle":180},{"time":68,"angleOffset":false,"tag":"nya4","type":"tag","angle":180},{"time":69,"angleOffset":false,"tag":"nya5","type":"tag","angle":180},{"time":70,"angleOffset":false,"tag":"nya1","type":"tag","angle":180},{"time":71,"angleOffset":false,"tag":"nya2","type":"tag","angle":180},{"time":72,"angleOffset":false,"tag":"nya33","type":"tag","angle":180},{"time":73,"angleOffset":false,"tag":"nya4","type":"tag","angle":180},{"time":74,"angleOffset":false,"tag":"nya5","type":"tag","angle":180},{"time":75,"angleOffset":false,"tag":"nya1","type":"tag","angle":180},{"time":76,"angleOffset":false,"tag":"nya2","type":"tag","angle":180},{"time":77,"angleOffset":false,"tag":"nya33","type":"tag","angle":180},{"time":78,"angleOffset":false,"tag":"nya4","type":"tag","angle":180},{"time":79,"angleOffset":false,"tag":"nya5","type":"tag","angle":180},{"time":80,"angleOffset":false,"tag":"nya1","type":"tag","angle":180},{"time":81,"angleOffset":false,"tag":"nya2","type":"tag","angle":180},{"time":82,"angleOffset":false,"tag":"nya33","type":"tag","angle":180},{"time":83,"angleOffset":false,"tag":"nya4","type":"tag","angle":180},{"time":84,"angleOffset":false,"tag":"nya5","type":"tag","angle":180},{"x":280,"y":170,"sprite":"sparkle.png","angle":33.75,"time":7.75,"ox":4,"oy":7,"sx":2,"sy":2,"outline":true,"type":"deco","id":"sparkle1"},{"x":270,"y":150,"ease":"outCubic","angle":45,"time":7.7509999275208,"type":"deco","duration":2,"id":"sparkle1"},{"x":320,"y":180,"sprite":"sparkle.png","angle":67.5,"time":7.75,"ox":4,"oy":7,"sx":2,"sy":2,"outline":true,"type":"deco","id":"sparkle2"},{"x":330,"y":160,"ease":"outCubic","angle":78.75,"time":7.7509999275208,"type":"deco","duration":1.5,"id":"sparkle2"},{"x":290,"y":190,"sprite":"sparkle.png","oy":7,"angle":101.25,"time":7.75,"ox":4,"outline":true,"type":"deco","id":"sparkle3"},{"x":270,"y":200,"ease":"outCubic","angle":112.5,"time":7.7509999275208,"type":"deco","duration":2,"id":"sparkle3"},{"x":315,"y":190,"sprite":"sparkle.png","oy":7,"angle":135,"time":7.75,"ox":4,"outline":true,"type":"deco","id":"sparkle4"},{"x":325,"y":200,"ease":"outCubic","angle":146.25,"time":7.7509999275208,"type":"deco","duration":1.5,"id":"sparkle4"},{"ease":"outSine","type":"deco","angle":360,"time":8,"sx":0,"sy":0,"duration":1,"id":"sparkle4"},{"ease":"outSine","type":"deco","angle":348.75,"time":8,"sx":0,"sy":0,"duration":1,"id":"sparkle3"},{"time":8,"sx":0,"sy":0,"type":"deco","angle":337.5,"duration":1,"id":"sparkle2"},{"time":8,"sx":0,"sy":0,"type":"deco","angle":326.25,"duration":1,"id":"sparkle1"},{"g":180,"angle":0,"time":52,"b":180,"type":"setColor","color":1,"r":180},{"g":24,"ease":"outSine","b":24,"angle":360,"time":52.125,"type":"setColor","duration":3,"color":1,"r":24},{"g":64,"b":64,"angle":360,"time":84,"description":"","type":"bookmark","name":"loop1","r":169},{"x":-10,"y":75,"sprite":"nyantabby@8","ox":10,"angle":11.25,"oy":10,"time":84,"drawLayer":"bg","drawOrder":-2,"type":"deco","id":"nyantabby"},{"time":84.000999450684,"x":610,"duration":64,"id":"nyantabby","type":"deco","angle":22.5},{"g":0,"b":0,"angle":348.75,"time":148,"description":"","type":"bookmark","name":"ending","r":0},{"x":-10,"y":75,"sprite":"rainbowtrail@4","angle":337.5,"ox":610,"oy":4,"time":84,"drawLayer":"bg","drawOrder":-3,"type":"deco","id":"rainbowtrail"},{"time":84,"r":167,"g":167,"type":"setColor","b":167,"color":7,"angle":326.25},{"time":84.000999450684,"x":610,"duration":64,"id":"rainbowtrail","type":"deco","angle":348.75},{"g":180,"angle":-45,"time":84,"b":180,"type":"setColor","color":1,"r":180},{"g":24,"ease":"outSine","b":24,"angle":315,"time":84.125,"type":"setColor","duration":3,"color":1,"r":24},{"g":0,"b":0,"angle":360,"time":148.125,"type":"setColor","duration":6,"color":3,"r":0},{"time":148,"id":"rainbowtrail","type":"deco","hide":true,"angle":326.25},{"time":148,"id":"pulse","type":"deco","hide":true,"angle":315},{"time":148,"r":255,"g":255,"b":255,"type":"setColor","color":1,"angle":11.25},{"g":0,"ease":"outSine","b":0,"angle":11.25,"time":148.125,"type":"setColor","duration":6,"color":1,"r":0},{"g":255,"r":255,"time":148,"type":"setColor","b":255,"color":2,"angle":22.5},{"time":84,"angleOffset":false,"tag":"earbounce","type":"tag","angle":281.25},{"time":85,"angleOffset":false,"tag":"earbounce","type":"tag","angle":281.25},{"var":"p.y","ease":"outCubic","start":182,"angle":270,"time":84,"value":180,"duration":1,"type":"ease"},{"var":"p.y","ease":"outCubic","start":182,"angle":270,"time":85,"value":180,"duration":1,"type":"ease"},{"time":86,"angleOffset":false,"tag":"earbounce","type":"tag","angle":281.25},{"var":"p.y","ease":"outCubic","start":182,"angle":270,"time":86,"value":180,"duration":1,"type":"ease"},{"time":88,"angleOffset":false,"tag":"earbounce","type":"tag","angle":281.25},{"var":"p.y","ease":"outCubic","start":182,"angle":270,"time":88,"value":180,"duration":1,"type":"ease"},{"time":87,"angleOffset":false,"tag":"earbounce","type":"tag","angle":281.25},{"var":"p.y","ease":"outCubic","start":182,"angle":270,"time":87,"value":180,"duration":1,"type":"ease"},{"time":89,"angleOffset":false,"tag":"earbounce","type":"tag","angle":281.25},{"var":"p.y","ease":"outCubic","start":182,"angle":270,"time":89,"value":180,"duration":1,"type":"ease"},{"time":90,"angleOffset":false,"tag":"earbounce","type":"tag","angle":281.25},{"var":"p.y","ease":"outCubic","start":182,"angle":270,"time":90,"value":180,"duration":1,"type":"ease"},{"time":91,"angleOffset":false,"tag":"earbounce","type":"tag","angle":281.25},{"var":"p.y","ease":"outCubic","start":182,"angle":270,"time":91,"value":180,"duration":1,"type":"ease"},{"time":92,"angleOffset":false,"type":"tag","tag":"earbounce","angle":281.25},{"var":"p.y","ease":"outCubic","start":182,"angle":270,"time":92,"value":180,"duration":1,"type":"ease"},{"time":93,"angleOffset":false,"tag":"earbounce","type":"tag","angle":281.25},{"var":"p.y","ease":"outCubic","start":182,"angle":270,"time":93,"value":180,"duration":1,"type":"ease"},{"time":94,"angleOffset":false,"tag":"earbounce","type":"tag","angle":281.25},{"var":"p.y","ease":"outCubic","start":182,"angle":270,"time":94,"value":180,"duration":1,"type":"ease"},{"time":95,"angleOffset":false,"tag":"earbounce","type":"tag","angle":281.25},{"var":"p.y","ease":"outCubic","start":182,"angle":270,"time":95,"value":180,"duration":1,"type":"ease"},{"time":96,"angleOffset":false,"tag":"earbounce","type":"tag","angle":281.25},{"var":"p.y","ease":"outCubic","start":182,"angle":270,"time":96,"value":180,"duration":1,"type":"ease"},{"time":97,"angleOffset":false,"tag":"earbounce","type":"tag","angle":281.25},{"var":"p.y","ease":"outCubic","start":182,"angle":270,"time":97,"value":180,"duration":1,"type":"ease"},{"time":98,"angleOffset":false,"type":"tag","tag":"earbounce","angle":281.25},{"var":"p.y","ease":"outCubic","start":182,"angle":258.75,"time":98,"value":180,"duration":1,"type":"ease"},{"time":99,"angleOffset":false,"type":"tag","tag":"earbounce","angle":281.25},{"var":"p.y","ease":"outCubic","start":182,"angle":270,"time":99,"value":180,"duration":1,"type":"ease"},{"time":100,"angleOffset":false,"tag":"earbounce","type":"tag","angle":281.25},{"var":"p.y","ease":"outCubic","start":182,"angle":270,"time":100,"value":180,"duration":1,"type":"ease"},{"time":84,"angleOffset":false,"type":"tag","tag":"pulse","angle":236.25},{"time":86,"angleOffset":false,"type":"tag","tag":"pulse","angle":236.25},{"time":88,"angleOffset":false,"type":"tag","tag":"pulse","angle":236.25},{"time":90,"angleOffset":false,"type":"tag","tag":"pulse","angle":236.25},{"time":92,"angleOffset":false,"type":"tag","tag":"pulse","angle":236.25},{"time":94,"angleOffset":false,"type":"tag","tag":"pulse","angle":236.25},{"time":85,"angleOffset":false,"type":"tag","tag":"pulse","angle":236.25},{"time":87,"angleOffset":false,"type":"tag","tag":"pulse","angle":236.25},{"time":89,"angleOffset":false,"type":"tag","tag":"pulse","angle":236.25},{"time":91,"angleOffset":false,"type":"tag","tag":"pulse","angle":236.25},{"time":93,"angleOffset":false,"type":"tag","tag":"pulse","angle":236.25},{"time":95,"angleOffset":false,"type":"tag","tag":"pulse","angle":236.25},{"time":96,"angleOffset":false,"type":"tag","tag":"pulse","angle":236.25},{"time":97,"angleOffset":false,"type":"tag","tag":"pulse","angle":236.25},{"time":98,"angleOffset":false,"type":"tag","tag":"pulse","angle":236.25},{"time":99,"angleOffset":false,"tag":"pulse","type":"tag","angle":236.25},{"time":100,"angleOffset":false,"tag":"pulse","type":"tag","angle":236.25},{"time":101,"angleOffset":false,"type":"tag","tag":"earbounce","angle":281.25},{"var":"p.y","ease":"outCubic","value":180,"angle":270,"time":101,"start":182,"duration":1,"type":"ease"},{"time":101,"angleOffset":false,"tag":"pulse","type":"tag","angle":236.25},{"time":102,"angleOffset":false,"type":"tag","tag":"earbounce","angle":281.25},{"var":"p.y","ease":"outCubic","value":180,"angle":270,"time":102,"start":182,"duration":1,"type":"ease"},{"time":102,"angleOffset":false,"tag":"pulse","type":"tag","angle":236.25},{"time":103,"angleOffset":false,"type":"tag","tag":"earbounce","angle":281.25},{"var":"p.y","ease":"outCubic","value":180,"angle":270,"time":103,"start":182,"duration":1,"type":"ease"},{"time":103,"angleOffset":false,"tag":"pulse","type":"tag","angle":236.25},{"time":104,"angleOffset":false,"type":"tag","tag":"earbounce","angle":281.25},{"var":"p.y","ease":"outCubic","value":180,"angle":270,"time":104,"start":182,"duration":1,"type":"ease"},{"time":104,"angleOffset":false,"tag":"pulse","type":"tag","angle":236.25},{"time":105,"angleOffset":false,"type":"tag","tag":"earbounce","angle":270},{"var":"p.y","ease":"outCubic","value":180,"angle":258.75,"time":105,"start":182,"duration":1,"type":"ease"},{"time":105,"angleOffset":false,"tag":"pulse","type":"tag","angle":225},{"time":106,"angleOffset":false,"type":"tag","tag":"earbounce","angle":281.25},{"var":"p.y","ease":"outCubic","value":180,"angle":270,"time":106,"start":182,"duration":1,"type":"ease"},{"time":106,"angleOffset":false,"tag":"pulse","type":"tag","angle":236.25},{"time":107,"angleOffset":false,"type":"tag","tag":"earbounce","angle":281.25},{"var":"p.y","ease":"outCubic","value":180,"angle":270,"time":107,"start":182,"duration":1,"type":"ease"},{"time":107,"angleOffset":false,"tag":"pulse","type":"tag","angle":236.25},{"time":108,"angleOffset":false,"type":"tag","tag":"earbounce","angle":281.25},{"var":"p.y","ease":"outCubic","value":180,"angle":270,"time":108,"start":182,"duration":1,"type":"ease"},{"time":108,"angleOffset":false,"tag":"pulse","type":"tag","angle":236.25},{"time":109,"angleOffset":false,"type":"tag","tag":"earbounce","angle":270},{"var":"p.y","ease":"outCubic","value":180,"angle":258.75,"time":109,"start":182,"duration":1,"type":"ease"},{"time":109,"angleOffset":false,"tag":"pulse","type":"tag","angle":225},{"time":110,"angleOffset":false,"tag":"earbounce","type":"tag","angle":281.25},{"var":"p.y","ease":"outCubic","value":180,"angle":270,"time":110,"start":182,"duration":1,"type":"ease"},{"time":110,"angleOffset":false,"tag":"pulse","type":"tag","angle":236.25},{"time":111,"angleOffset":false,"tag":"earbounce","type":"tag","angle":270},{"var":"p.y","ease":"outCubic","value":180,"angle":258.75,"time":111,"start":182,"duration":1,"type":"ease"},{"time":111,"angleOffset":false,"tag":"pulse","type":"tag","angle":225},{"time":112,"angleOffset":false,"tag":"earbounce","type":"tag","angle":292.5},{"var":"p.y","ease":"outCubic","value":180,"angle":270,"time":112,"start":182,"duration":1,"type":"ease"},{"time":112,"angleOffset":false,"type":"tag","tag":"pulse","angle":236.25},{"time":113,"angleOffset":false,"type":"tag","tag":"earbounce","angle":281.25},{"var":"p.y","ease":"outCubic","value":180,"angle":270,"time":113,"start":182,"duration":1,"type":"ease"},{"time":113,"angleOffset":false,"tag":"pulse","type":"tag","angle":236.25},{"time":114,"angleOffset":false,"type":"tag","tag":"earbounce","angle":270},{"var":"p.y","ease":"outCubic","value":180,"angle":258.75,"time":114,"start":182,"duration":1,"type":"ease"},{"time":114,"angleOffset":false,"tag":"pulse","type":"tag","angle":225},{"time":115,"angleOffset":false,"type":"tag","tag":"earbounce","angle":281.25},{"var":"p.y","ease":"outCubic","value":180,"angle":270,"time":115,"start":182,"duration":1,"type":"ease"},{"time":115,"angleOffset":false,"tag":"pulse","type":"tag","angle":236.25},{"time":116,"angleOffset":false,"tag":"earbounce","type":"tag","angle":281.25},{"var":"p.y","ease":"outCubic","value":180,"angle":270,"time":116,"start":182,"duration":1,"type":"ease"},{"time":116,"angleOffset":false,"type":"tag","tag":"pulse","angle":236.25},{"time":117,"angleOffset":false,"type":"tag","tag":"earbounce","angle":281.25},{"var":"p.y","ease":"outCubic","value":180,"angle":270,"time":117,"start":182,"duration":1,"type":"ease"},{"time":117,"angleOffset":false,"tag":"pulse","type":"tag","angle":236.25},{"time":118,"angleOffset":false,"tag":"earbounce","type":"tag","angle":281.25},{"var":"p.y","ease":"outCubic","value":180,"angle":258.75,"time":118,"start":182,"duration":1,"type":"ease"},{"time":118,"angleOffset":false,"tag":"pulse","type":"tag","angle":225},{"time":119,"angleOffset":false,"type":"tag","tag":"earbounce","angle":281.25},{"var":"p.y","ease":"outCubic","value":180,"angle":270,"time":119,"start":182,"duration":1,"type":"ease"},{"time":119,"angleOffset":false,"tag":"pulse","type":"tag","angle":236.25},{"time":120,"angleOffset":false,"type":"tag","tag":"earbounce","angle":281.25},{"var":"p.y","ease":"outCubic","value":180,"angle":270,"time":120,"start":182,"duration":1,"type":"ease"},{"time":120,"angleOffset":false,"tag":"pulse","type":"tag","angle":236.25},{"time":121,"angleOffset":false,"type":"tag","tag":"earbounce","angle":281.25},{"var":"p.y","ease":"outCubic","value":180,"angle":270,"time":121,"start":182,"duration":1,"type":"ease"},{"time":121,"angleOffset":false,"tag":"pulse","type":"tag","angle":236.25},{"time":122,"angleOffset":false,"type":"tag","tag":"earbounce","angle":281.25},{"var":"p.y","ease":"outCubic","value":180,"angle":270,"time":122,"start":182,"duration":1,"type":"ease"},{"time":122,"angleOffset":false,"tag":"pulse","type":"tag","angle":236.25},{"time":123,"angleOffset":false,"type":"tag","tag":"earbounce","angle":270},{"var":"p.y","ease":"outCubic","value":180,"angle":258.75,"time":123,"start":182,"duration":1,"type":"ease"},{"time":123,"angleOffset":false,"tag":"pulse","type":"tag","angle":225},{"time":124,"angleOffset":false,"tag":"earbounce","type":"tag","angle":281.25},{"var":"p.y","ease":"outCubic","value":180,"angle":270,"time":124,"start":182,"duration":1,"type":"ease"},{"time":124,"angleOffset":false,"type":"tag","tag":"pulse","angle":247.5},{"time":125,"angleOffset":false,"type":"tag","tag":"earbounce","angle":281.25},{"var":"p.y","ease":"outCubic","value":180,"angle":270,"time":125,"start":182,"duration":1,"type":"ease"},{"time":125,"angleOffset":false,"tag":"pulse","type":"tag","angle":236.25},{"time":126,"angleOffset":false,"type":"tag","tag":"earbounce","angle":281.25},{"var":"p.y","ease":"outCubic","value":180,"angle":258.75,"time":126,"start":182,"duration":1,"type":"ease"},{"time":126,"angleOffset":false,"tag":"pulse","type":"tag","angle":236.25},{"time":127,"angleOffset":false,"type":"tag","tag":"earbounce","angle":281.25},{"var":"p.y","ease":"outCubic","value":180,"angle":270,"time":127,"start":182,"duration":1,"type":"ease"},{"time":127,"angleOffset":false,"tag":"pulse","type":"tag","angle":236.25},{"time":128,"angleOffset":false,"type":"tag","tag":"earbounce","angle":281.25},{"var":"p.y","ease":"outCubic","value":180,"angle":270,"time":128,"start":182,"duration":1,"type":"ease"},{"time":128,"angleOffset":false,"tag":"pulse","type":"tag","angle":236.25},{"time":129,"angleOffset":false,"type":"tag","tag":"earbounce","angle":281.25},{"var":"p.y","ease":"outCubic","value":180,"angle":270,"time":129,"start":182,"duration":1,"type":"ease"},{"time":129,"angleOffset":false,"tag":"pulse","type":"tag","angle":236.25},{"time":130,"angleOffset":false,"type":"tag","tag":"earbounce","angle":281.25},{"var":"p.y","ease":"outCubic","value":180,"angle":270,"time":130,"start":182,"duration":1,"type":"ease"},{"time":130,"angleOffset":false,"tag":"pulse","type":"tag","angle":236.25},{"time":131,"angleOffset":false,"type":"tag","tag":"earbounce","angle":281.25},{"var":"p.y","ease":"outCubic","value":180,"angle":270,"time":131,"start":182,"duration":1,"type":"ease"},{"time":131,"angleOffset":false,"tag":"pulse","type":"tag","angle":236.25},{"time":132,"angleOffset":false,"type":"tag","tag":"earbounce","angle":281.25},{"var":"p.y","ease":"outCubic","value":180,"angle":270,"time":132,"start":182,"duration":1,"type":"ease"},{"time":132,"angleOffset":false,"tag":"pulse","type":"tag","angle":236.25},{"time":133,"angleOffset":false,"tag":"earbounce","type":"tag","angle":292.5},{"var":"p.y","ease":"outCubic","value":180,"angle":270,"time":133,"start":182,"duration":1,"type":"ease"},{"time":133,"angleOffset":false,"tag":"pulse","type":"tag","angle":236.25},{"time":134,"angleOffset":false,"type":"tag","tag":"earbounce","angle":281.25},{"var":"p.y","ease":"outCubic","value":180,"angle":270,"time":134,"start":182,"duration":1,"type":"ease"},{"time":134,"angleOffset":false,"tag":"pulse","type":"tag","angle":236.25},{"time":135,"angleOffset":false,"type":"tag","tag":"earbounce","angle":281.25},{"var":"p.y","ease":"outCubic","value":180,"angle":270,"time":135,"start":182,"duration":1,"type":"ease"},{"time":135,"angleOffset":false,"tag":"pulse","type":"tag","angle":236.25},{"time":136,"angleOffset":false,"type":"tag","tag":"earbounce","angle":281.25},{"var":"p.y","ease":"outCubic","value":180,"angle":270,"time":136,"start":182,"duration":1,"type":"ease"},{"time":136,"angleOffset":false,"tag":"pulse","type":"tag","angle":236.25},{"time":137,"angleOffset":false,"type":"tag","tag":"earbounce","angle":281.25},{"var":"p.y","ease":"outCubic","value":180,"angle":270,"time":137,"start":182,"duration":1,"type":"ease"},{"time":137,"angleOffset":false,"tag":"pulse","type":"tag","angle":236.25},{"time":138,"angleOffset":false,"type":"tag","tag":"earbounce","angle":281.25},{"var":"p.y","ease":"outCubic","value":180,"angle":270,"time":138,"start":182,"duration":1,"type":"ease"},{"time":138,"angleOffset":false,"type":"tag","tag":"pulse","angle":247.5},{"time":139,"angleOffset":false,"type":"tag","tag":"earbounce","angle":281.25},{"var":"p.y","ease":"outCubic","value":180,"angle":270,"time":139,"start":182,"duration":1,"type":"ease"},{"time":139,"angleOffset":false,"tag":"pulse","type":"tag","angle":236.25},{"time":140,"angleOffset":false,"type":"tag","tag":"earbounce","angle":281.25},{"var":"p.y","ease":"outCubic","value":180,"angle":270,"time":140,"start":182,"duration":1,"type":"ease"},{"time":140,"angleOffset":false,"tag":"pulse","type":"tag","angle":236.25},{"time":141,"angleOffset":false,"type":"tag","tag":"earbounce","angle":281.25},{"var":"p.y","ease":"outCubic","value":180,"angle":270,"time":141,"start":182,"duration":1,"type":"ease"},{"time":141,"angleOffset":false,"tag":"pulse","type":"tag","angle":236.25},{"time":142,"angleOffset":false,"type":"tag","tag":"earbounce","angle":258.75},{"var":"p.y","ease":"outCubic","value":180,"angle":247.5,"time":142,"start":182,"duration":1,"type":"ease"},{"time":142,"angleOffset":false,"tag":"pulse","type":"tag","angle":213.75},{"time":143,"angleOffset":false,"type":"tag","tag":"earbounce","angle":281.25},{"var":"p.y","ease":"outCubic","value":180,"angle":270,"time":143,"start":182,"duration":1,"type":"ease"},{"time":143,"angleOffset":false,"tag":"pulse","type":"tag","angle":236.25},{"time":144,"angleOffset":false,"type":"tag","tag":"earbounce","angle":281.25},{"var":"p.y","ease":"outCubic","value":180,"angle":270,"time":144,"start":182,"duration":1,"type":"ease"},{"time":144,"angleOffset":false,"tag":"pulse","type":"tag","angle":236.25},{"time":145,"angleOffset":false,"type":"tag","tag":"earbounce","angle":281.25},{"var":"p.y","ease":"outCubic","value":180,"angle":270,"time":145,"start":182,"duration":1,"type":"ease"},{"time":145,"angleOffset":false,"tag":"pulse","type":"tag","angle":236.25},{"time":146,"angleOffset":false,"type":"tag","tag":"earbounce","angle":281.25},{"var":"p.y","ease":"outCubic","value":180,"angle":270,"time":146,"start":182,"duration":1,"type":"ease"},{"time":146,"angleOffset":false,"tag":"pulse","type":"tag","angle":236.25},{"time":147,"angleOffset":false,"type":"tag","tag":"earbounce","angle":281.25},{"var":"p.y","ease":"outCubic","value":180,"angle":270,"time":147,"start":182,"duration":1,"type":"ease"},{"time":147,"angleOffset":false,"tag":"pulse","type":"tag","angle":236.25},{"time":84,"angleOffset":false,"type":"tag","tag":"nya1","angle":180},{"time":85,"angleOffset":false,"tag":"nya2","type":"tag","angle":180},{"time":86,"angleOffset":false,"type":"tag","tag":"nya33","angle":180},{"time":87,"angleOffset":false,"tag":"nya4","type":"tag","angle":180},{"time":88,"angleOffset":false,"type":"tag","tag":"nya5","angle":180},{"time":89,"angleOffset":false,"tag":"nya1","type":"tag","angle":180},{"time":90,"angleOffset":false,"tag":"nya2","type":"tag","angle":180},{"time":91,"angleOffset":false,"tag":"nya33","type":"tag","angle":180},{"time":92,"angleOffset":false,"tag":"nya4","type":"tag","angle":180},{"time":93,"angleOffset":false,"tag":"nya5","type":"tag","angle":180},{"time":94,"angleOffset":false,"type":"tag","tag":"nya1","angle":180},{"time":95,"angleOffset":false,"type":"tag","tag":"nya2","angle":168.75},{"time":96,"angleOffset":false,"type":"tag","tag":"nya33","angle":180},{"time":97,"angleOffset":false,"type":"tag","tag":"nya4","angle":180},{"time":98,"angleOffset":false,"type":"tag","tag":"nya5","angle":168.75},{"time":99,"angleOffset":false,"tag":"nya1","type":"tag","angle":168.75},{"time":100,"angleOffset":false,"type":"tag","tag":"nya2","angle":180},{"time":101,"angleOffset":false,"type":"tag","tag":"nya33","angle":180},{"time":102,"angleOffset":false,"type":"tag","tag":"nya4","angle":180},{"time":103,"angleOffset":false,"type":"tag","tag":"nya5","angle":180},{"time":104,"angleOffset":false,"type":"tag","tag":"nya1","angle":180},{"time":105,"angleOffset":false,"type":"tag","tag":"nya2","angle":180},{"time":106,"angleOffset":false,"type":"tag","tag":"nya33","angle":180},{"time":107,"angleOffset":false,"type":"tag","tag":"nya4","angle":180},{"time":108,"angleOffset":false,"type":"tag","tag":"nya5","angle":180},{"time":109,"angleOffset":false,"type":"tag","tag":"nya1","angle":180},{"time":110,"angleOffset":false,"type":"tag","tag":"nya2","angle":180},{"time":111,"angleOffset":false,"type":"tag","tag":"nya33","angle":180},{"time":112,"angleOffset":false,"type":"tag","tag":"nya4","angle":180},{"time":113,"angleOffset":false,"type":"tag","tag":"nya5","angle":180},{"time":114,"angleOffset":false,"type":"tag","tag":"nya1","angle":180},{"time":115,"angleOffset":false,"type":"tag","tag":"nya2","angle":180},{"time":116,"angleOffset":false,"type":"tag","tag":"nya33","angle":180},{"time":117,"angleOffset":false,"type":"tag","tag":"nya4","angle":180},{"time":118,"angleOffset":false,"type":"tag","tag":"nya5","angle":180},{"time":119,"angleOffset":false,"type":"tag","tag":"nya1","angle":180},{"time":120,"angleOffset":false,"type":"tag","tag":"nya2","angle":180},{"time":121,"angleOffset":false,"type":"tag","tag":"nya33","angle":180},{"time":122,"angleOffset":false,"type":"tag","tag":"nya4","angle":180},{"time":123,"angleOffset":false,"type":"tag","tag":"nya5","angle":180},{"time":124,"angleOffset":false,"type":"tag","tag":"nya1","angle":180},{"time":125,"angleOffset":false,"type":"tag","tag":"nya2","angle":180},{"time":126,"angleOffset":false,"type":"tag","tag":"nya33","angle":191.25},{"time":127,"angleOffset":false,"tag":"nya4","type":"tag","angle":168.75},{"time":128,"angleOffset":false,"type":"tag","tag":"nya5","angle":180},{"time":129,"angleOffset":false,"type":"tag","tag":"nya1","angle":180},{"time":130,"angleOffset":false,"type":"tag","tag":"nya2","angle":180},{"time":131,"angleOffset":false,"type":"tag","tag":"nya33","angle":180},{"time":132,"angleOffset":false,"type":"tag","tag":"nya4","angle":180},{"time":133,"angleOffset":false,"type":"tag","tag":"nya5","angle":180},{"time":134,"angleOffset":false,"type":"tag","tag":"nya1","angle":180},{"time":135,"angleOffset":false,"type":"tag","tag":"nya2","angle":180},{"time":136,"angleOffset":false,"type":"tag","tag":"nya33","angle":180},{"time":137,"angleOffset":false,"type":"tag","tag":"nya4","angle":180},{"time":138,"angleOffset":false,"type":"tag","tag":"nya5","angle":180},{"time":139,"angleOffset":false,"type":"tag","tag":"nya1","angle":180},{"time":140,"angleOffset":false,"type":"tag","tag":"nya2","angle":180},{"time":141,"angleOffset":false,"type":"tag","tag":"nya33","angle":180},{"time":142,"angleOffset":false,"type":"tag","tag":"nya4","angle":180},{"time":143,"angleOffset":false,"type":"tag","tag":"nya5","angle":180},{"time":144,"angleOffset":false,"type":"tag","tag":"nya1","angle":180},{"time":145,"angleOffset":false,"type":"tag","tag":"nya2","angle":180},{"time":146,"angleOffset":false,"type":"tag","tag":"nya33","angle":180},{"time":147,"angleOffset":false,"tag":"nya4","type":"tag","angle":180},{"time":148,"angle":33.75,"g":255,"type":"setColor","b":255,"color":6,"r":255},{"g":0,"b":0,"angle":33.75,"time":148.125,"type":"setColor","duration":6,"color":6,"r":0},{"g":180,"angle":0,"time":116,"b":180,"type":"setColor","color":1,"r":180},{"g":24,"ease":"outSine","b":24,"angle":360,"time":116.125,"type":"setColor","duration":3,"color":1,"r":24},{"outline":true,"sprite":"oops.png","oy":0,"angle":67.5,"time":148,"y":250,"type":"deco","ox":158,"drawOrder":-1,"drawLayer":"bg","id":"oops"},{"time":148,"var":"vfx.drawUI","enable":false,"type":"setBoolean","angle":281.25}]}