[{"angle":0,"type":"block","time":0},{"angle":22.5,"type":"block","time":1},{"angle":45,"type":"block","time":2},{"angle":90,"type":"block","time":3},{"angle":90,"type":"block","time":4},{"angle":90,"type":"block","time":4.5},{"angle":112.5,"type":"block","time":6},{"angle":180,"type":"block","time":8},{"angle":202.5,"type":"block","time":9},{"angle":225,"type":"block","time":10},{"angle":247.5,"type":"block","time":11},{"angle":270,"type":"block","time":11.5},{"angle":270,"type":"block","time":12},{"angle":90,"type":"block","time":6.5},{"angle":78.75,"type":"block","time":6.5},{"angle":0,"type":"block","time":7},{"angle":348.75,"type":"block","time":7},{"angle":270,"type":"block","time":7.5},{"angle":258.75,"type":"block","time":7.5},{"angle":101.25,"type":"block","time":6.5},{"angle":281.25,"type":"block","time":7.5},{"angle":11.25,"type":"block","time":7},{"angle":258.75,"type":"block","time":14.5},{"angle":270,"type":"block","time":14.5},{"angle":281.25,"type":"block","time":14.5},{"angle":191.25,"type":"block","time":15},{"angle":180,"type":"block","time":15},{"angle":168.75,"type":"block","time":15},{"angle":101.25,"type":"block","time":15.5},{"angle":90,"type":"block","time":15.5},{"angle":78.75,"type":"block","time":15.5},{"angle":0,"type":"block","time":16},{"angle":22.5,"type":"block","time":17},{"angle":45,"type":"block","time":18},{"angle":67.5,"type":"block","time":19},{"angle":90,"type":"block","time":19.5},{"angle":90,"type":"block","time":20},{"angle":90,"type":"block","time":21.5},{"angle":101.25,"type":"block","time":22.5},{"angle":90,"type":"block","time":22.5},{"angle":78.75,"type":"block","time":22.5},{"angle":11.25,"type":"block","time":23},{"angle":0,"type":"block","time":23},{"angle":348.75,"type":"block","time":23},{"angle":281.25,"type":"block","time":23.5},{"angle":270,"type":"block","time":23.5},{"angle":258.75,"type":"block","time":23.5},{"angle":135,"type":"block","time":3.5},{"angle":45,"type":"block","time":5},{"angle":45,"type":"block","time":5.5},{"angle":315,"type":"block","time":13},{"angle":315,"type":"block","time":12.5},{"angle":225,"type":"block","time":14},{"angle":225,"type":"block","time":13.5},{"angle":45,"type":"block","time":20.5},{"angle":135,"type":"block","time":21},{"angle":45,"type":"block","time":22},{"angle":180,"type":"block","time":24},{"angle":202.5,"type":"block","time":25},{"angle":225,"type":"block","time":26},{"angle":247.5,"type":"block","time":27},{"angle":270,"type":"block","time":28},{"angle":270,"type":"block","time":27.5},{"angle":315,"type":"block","time":28.5},{"angle":315,"type":"block","time":29},{"angle":0,"time":30,"duration":0.5,"angle2":90,"type":"hold"},{"angle":180,"time":31,"duration":0.5,"angle2":270,"type":"hold"},{"angle":360,"time":31,"duration":0.5,"angle2":450,"type":"mineHold"},{"angle":180,"time":30,"duration":0.5,"angle2":270,"type":"mineHold"},{"angle":270,"time":30,"duration":0.5,"angle2":360,"type":"mineHold"},{"angle":90,"time":30,"duration":0.5,"angle2":180,"type":"mineHold"},{"angle":90,"time":31,"duration":0.5,"angle2":180,"type":"mineHold"},{"angle":270,"time":31,"duration":0.5,"angle2":360,"type":"mineHold"},{"angle":0,"type":"block","time":29.5},{"angle":270,"angle2":450,"time":32,"type":"hold","startTap":true,"endTap":true,"duration":1},{"angle":146.25,"type":"block","time":33.5},{"angle":180,"angle2":360,"time":34,"type":"hold","startTap":true,"endTap":true,"duration":1},{"angle":56.25,"type":"block","time":35.5},{"angle":90,"angle2":270,"time":36,"type":"hold","startTap":true,"endTap":true,"duration":1},{"angle":315,"type":"block","time":37.5},{"angle":360,"angle2":540,"time":38,"type":"hold","startTap":true,"endTap":true,"duration":1},{"angle":202.5,"type":"mine","time":33.5},{"angle":90,"type":"mine","time":33.5},{"angle":112.5,"type":"mine","time":35.5},{"angle":0,"type":"mine","time":35.5},{"angle":247.5,"time":33.5,"duration":0,"angle2":393.75,"type":"mineHold"},{"angle":168.75,"time":35.5,"duration":0,"angle2":303.75,"type":"mineHold"},{"angle":258.75,"type":"mine","time":37.5},{"angle":11.25,"type":"mine","time":37.5},{"angle":67.5,"time":37.5,"duration":0,"angle2":202.5,"type":"mineHold"},{"angle":270,"angle2":450,"time":40,"type":"hold","startTap":true,"endTap":true,"duration":1},{"angle":225,"type":"block","time":39.5},{"angle":281.25,"type":"mine","time":39.5},{"angle":168.75,"type":"mine","time":39.5},{"angle":337.5,"time":39.5,"duration":0,"angle2":461.25,"type":"mineHold"},{"angle":135,"type":"block","time":41.5},{"angle":191.25,"type":"mine","time":41.5},{"angle":78.75,"type":"mine","time":41.5},{"angle":247.5,"time":41.5,"duration":0,"angle2":382.5,"type":"mineHold"},{"angle":180,"angle2":360,"time":42,"type":"hold","startTap":true,"endTap":true,"duration":1},{"angle":45,"type":"block","time":43.5},{"angle":348.75,"type":"mine","time":43.5},{"angle":101.25,"type":"mine","time":43.5},{"angle":292.5,"time":43.5,"duration":0,"angle2":157.5,"type":"mineHold"},{"angle":90,"time":44,"angle2":270,"startTap":true,"type":"hold","duration":1},{"angle":270,"time":45,"duration":0.375,"angle2":315,"type":"hold"},{"angle":270,"time":45.625,"duration":0.375,"angle2":225,"type":"hold"},{"angle":326.25,"type":"block","time":45.375},{"angle":213.75,"type":"block","time":46},{"angle":236.25,"type":"mine","time":46.5},{"angle":123.75,"type":"mine","time":46.5},{"angle":292.5,"time":46.5,"duration":0,"angle2":427.5,"type":"mineHold"},{"angle":180,"time":46.5,"tap":true,"type":"block"},{"angle":146.25,"time":47,"duration":0.375,"angle2":90,"type":"hold"},{"angle":78.75,"type":"block","time":47.375},{"angle":45,"time":47.625,"duration":0.375,"angle2":90,"type":"hold","endTap":true},{"angle":101.25,"type":"block","time":48},{"angle":180,"time":49,"tap":true,"type":"block"},{"angle":213.75,"type":"block","time":49.375},{"angle":247.5,"type":"block","time":49.625},{"angle":270,"time":50,"tap":true,"type":"block"},{"angle":112.5,"time":49,"angle2":213.75,"duration":1,"type":"mineHold","spinEase":"linear"},{"angle":247.5,"time":49,"duration":1,"angle2":326.25,"type":"mineHold"},{"angle":247.5,"time":49,"duration":0,"angle2":472.5,"type":"mineHold"},{"angle":326.25,"time":50,"duration":0,"angle2":573.75,"type":"mineHold"},{"angle":315,"time":51,"tap":true,"type":"block"},{"angle":0,"time":52,"tap":true,"type":"block"},{"angle":90,"time":53,"tap":true,"type":"block"},{"angle":360,"type":"mine","time":53},{"angle":90,"type":"mine","time":54},{"angle":180,"time":54,"tap":true,"type":"block"},{"angle":180,"type":"mine","time":55},{"angle":270,"time":55,"tap":true,"type":"block"},{"angle":33.75,"type":"block","time":52.333332061768},{"angle":112.5,"type":"block","time":53.333332061768},{"angle":202.5,"type":"block","time":54.333332061768},{"angle":292.5,"type":"block","time":55.333332061768},{"angle":360,"type":"mine","time":53.666667938232},{"angle":337.5,"type":"mine","time":53.333332061768},{"angle":22.5,"type":"mine","time":53.333332061768},{"angle":112.5,"type":"mine","time":54.333332061768},{"angle":67.5,"type":"mine","time":54.333332061768},{"angle":90,"type":"mine","time":54.666667938232},{"angle":202.5,"type":"mine","time":55.333332061768},{"angle":180,"type":"mine","time":55.666667938232},{"angle":157.5,"type":"mine","time":55.333332061768},{"angle":270,"type":"mine","time":56},{"angle":292.5,"type":"mine","time":56.333332061768},{"angle":247.5,"type":"mine","time":56.333332061768},{"angle":270,"type":"mine","time":56.666667938232},{"angle":0,"type":"block","time":52.666667938232},{"angle":90,"type":"block","time":53.666667938232},{"angle":180,"type":"block","time":54.666667938232},{"angle":270,"type":"block","time":55.666667938232},{"angle":0,"time":56,"tap":true,"type":"block"},{"angle":382.5,"time":56.666667938232,"angle2":405,"startTap":true,"type":"hold","duration":0.33333325386047},{"angle":56.25,"time":56.666667938232,"angle2":45,"startTap":true,"type":"hold","duration":0.33333325386047},{"angle":135,"time":57.666667938232,"angle2":157.5,"startTap":true,"type":"hold","duration":0.33333325386047},{"angle":135,"time":57.666667938232,"angle2":112.5,"startTap":true,"type":"hold","duration":0.33333325386047},{"angle":247.5,"time":58.666667938232,"angle2":225,"startTap":true,"type":"hold","duration":0.33333325386047},{"angle":202.5,"time":58.666667938232,"angle2":225,"startTap":true,"type":"hold","duration":0.33333325386047},{"angle":270,"type":"block","time":59.333332061768},{"angle":315,"time":59.666667938232,"angle2":337.5,"startTap":true,"type":"hold","duration":0.16666658222675},{"angle":315,"time":59.666667938232,"angle2":292.5,"startTap":true,"type":"hold","duration":0.16666658222675},{"angle":292.5,"time":59.833332061768,"duration":0.16666658222675,"angle2":315,"type":"hold"},{"angle":337.5,"time":59.833332061768,"duration":0.16666658222675,"angle2":315,"type":"hold"},{"angle":360,"type":"block","time":60.333332061768},{"angle":45,"time":60.666667938232,"angle2":22.5,"startTap":true,"type":"hold","duration":0.33333325386047},{"angle":45,"time":60.666667938232,"angle2":67.5,"startTap":true,"type":"hold","duration":0.33333325386047},{"angle":157.5,"time":61.666667938232,"angle2":135,"startTap":true,"type":"hold","duration":0.33333325386047},{"angle":112.5,"time":61.666667938232,"angle2":135,"startTap":true,"type":"hold","duration":0.33333325386047},{"angle":281.25,"type":"block","time":63},{"angle":270,"type":"block","time":63},{"angle":258.75,"type":"block","time":63},{"angle":270,"type":"extraTap","time":63},{"angle":337.5,"time":63,"duration":0,"angle2":562.5,"type":"mineHold"},{"angle":90,"type":"block","time":64},{"angle":90,"type":"block","time":65},{"angle":180,"type":"block","time":62.333332061768},{"angle":270,"type":"extraTap","time":65},{"angle":270,"type":"extraTap","time":66},{"angle":270,"type":"extraTap","time":64},{"angle":90,"type":"block","time":66},{"angle":90,"type":"block","time":67},{"angle":270,"type":"extraTap","time":67},{"angle":135,"type":"block","time":67.5},{"angle":135,"type":"block","time":68.5},{"angle":90,"time":70.5,"tap":true,"type":"block"},{"angle":78.75,"type":"block","time":70.5},{"angle":101.25,"type":"block","time":70.5},{"angle":22.5,"time":70.5,"duration":0,"angle2":-202.5,"type":"mineHold"},{"angle":348.75,"type":"block","time":71},{"angle":0,"time":71,"tap":true,"type":"block"},{"angle":11.25,"type":"block","time":71},{"angle":67.5,"time":71,"duration":0,"angle2":292.5,"type":"mineHold"},{"angle":281.25,"type":"block","time":71.5},{"angle":270,"time":71.5,"tap":true,"type":"block"},{"angle":258.75,"type":"block","time":71.5},{"angle":202.5,"time":71.5,"duration":0,"angle2":-22.5,"type":"mineHold"},{"angle":45,"type":"block","time":69.5},{"angle":270,"type":"block","time":72},{"angle":90,"type":"extraTap","time":72},{"angle":270,"type":"block","time":73},{"angle":90,"type":"extraTap","time":73},{"angle":90,"type":"extraTap","time":74},{"angle":90,"type":"extraTap","time":75},{"angle":270,"time":74,"duration":1,"angle2":630,"type":"hold"},{"angle":225,"type":"block","time":75.5},{"angle":270,"type":"block","time":76.5},{"angle":315,"type":"block","time":77.5},{"angle":281.25,"type":"block","time":78.5},{"angle":258.75,"type":"block","time":78.5},{"angle":270,"time":78.5,"angle2":180,"startTap":true,"type":"hold","duration":0.5},{"angle":180,"angle2":90,"time":79,"type":"hold","startTap":true,"endTap":true,"duration":0.5},{"angle":191.25,"type":"block","time":79},{"angle":168.75,"type":"block","time":79},{"angle":78.75,"type":"block","time":79.5},{"angle":101.25,"type":"block","time":79.5},{"angle":90,"type":"block","time":80},{"angle":270,"type":"extraTap","time":80},{"angle":270,"type":"extraTap","time":81},{"angle":90,"type":"block","time":81},{"angle":90,"time":82,"angle2":135,"duration":0.25,"type":"hold","holdEase":"outSine"},{"angle":135,"time":82.25,"angle2":90,"duration":0.25,"type":"hold","holdEase":"inSine"},{"angle":90,"time":82.5,"angle2":45,"duration":0.25,"type":"hold","holdEase":"outSine"},{"angle":45,"time":82.75,"angle2":90,"duration":0.25,"type":"hold","holdEase":"inSine"},{"angle":270,"type":"extraTap","time":82},{"angle":270,"type":"extraTap","time":83},{"angle":135,"type":"block","time":83.5},{"angle":90,"type":"block","time":84.5},{"angle":90,"type":"block","time":85.5},{"angle":90,"time":86.5,"duration":0.5,"startTap":true,"type":"hold","angle2":0,"holdEase":"inSine"},{"startTap":true,"endTap":true,"holdEase":"outSine","duration":0.5,"time":87,"angle2":270,"type":"hold","angle":360},{"angle":78.75,"type":"block","time":86.5},{"angle":101.25,"type":"block","time":86.5},{"angle":348.75,"type":"block","time":87},{"angle":11.25,"type":"block","time":87},{"angle":281.25,"type":"block","time":87.5},{"angle":258.75,"type":"block","time":87.5},{"angle":270,"type":"block","time":88},{"angle":270,"type":"block","time":89},{"angle":90,"type":"extraTap","time":88},{"angle":90,"type":"extraTap","time":89},{"angle":270,"time":90,"angle2":247.5,"duration":0.25,"type":"hold","holdEase":"outCirc"},{"angle":90,"type":"extraTap","time":90},{"angle":270,"time":90,"angle2":292.5,"duration":0.25,"type":"hold","holdEase":"outCirc"},{"angle":292.5,"time":90.25,"angle2":270,"duration":0.25,"type":"hold","holdEase":"inCirc"},{"angle":247.5,"time":90.25,"angle2":270,"duration":0.25,"type":"hold","holdEase":"inCirc"},{"angle":270,"time":90.5,"angle2":247.5,"duration":0.25,"type":"hold","holdEase":"outCirc"},{"angle":90,"type":"extraTap","time":91},{"angle":270,"time":90.5,"angle2":292.5,"duration":0.25,"type":"hold","holdEase":"outCirc"},{"angle":292.5,"time":90.75,"angle2":270,"duration":0.25,"type":"hold","holdEase":"inCirc"},{"angle":247.5,"time":90.75,"angle2":270,"duration":0.25,"type":"hold","holdEase":"inCirc"},{"angle":225,"type":"block","time":91.5},{"angle":315,"type":"block","time":92.5},{"angle":303.75,"type":"block","time":93.5},{"angle":270,"time":94,"speedMult":2,"angle2":270,"type":"hold","duration":0.5},{"angle":270,"time":94.5,"speedMult":3,"angle2":270,"type":"hold","duration":0.5},{"angle":270,"time":95,"angle2":270,"speedMult":4,"type":"hold","duration":0.5},{"angle":281.25,"time":96,"speedMult":2,"type":"mine"},{"angle":270,"time":96,"speedMult":2,"type":"mine"},{"angle":258.75,"time":96,"speedMult":2,"type":"mine"},{"angle":281.25,"type":"block","time":94.5},{"angle":258.75,"type":"block","time":94.5},{"angle":258.75,"type":"block","time":95},{"angle":281.25,"type":"block","time":95},{"angle":281.25,"type":"block","time":95.5},{"angle":258.75,"type":"block","time":95.5},{"angle":90,"time":96,"tap":true,"type":"block"},{"angle":180,"type":"extraTap","time":94},{"angle":180,"time":94.5,"speedMult":1.3332999944687,"type":"extraTap"},{"angle":180,"time":95,"speedMult":1.6665999889374,"type":"extraTap"},{"angle":180,"time":95.5,"speedMult":2,"type":"extraTap"},{"angle":270,"time":98,"tap":true,"type":"block"},{"angle":247.5,"time":98.5,"tap":true,"type":"block"},{"angle":0,"time":97,"duration":0.5,"angle2":-45,"type":"hold"},{"angle":360,"type":"side","time":97},{"angle":11.25,"time":102,"tap":true,"type":"block"},{"angle":11.25,"time":102.5,"tap":true,"type":"block"},{"angle":270,"type":"block","time":103},{"angle":270,"type":"block","time":103.5},{"angle":247.5,"time":104,"tap":true,"type":"block"},{"angle":180,"type":"side","time":105},{"angle":180,"time":105,"duration":0.5,"angle2":135,"type":"hold"},{"angle":90,"time":106,"tap":true,"type":"block"},{"angle":67.5,"time":106.5,"tap":true,"type":"block"},{"angle":0,"type":"block","time":107.5},{"angle":360,"angle2":-720,"time":108,"type":"hold","startTap":true,"endTap":true,"duration":0.5},{"angle":303.75,"time":107.5,"duration":1,"angle2":303.75,"type":"mineHold"},{"angle":56.25,"time":107.5,"duration":1,"angle2":56.25,"type":"mineHold"},{"angle":180,"type":"block","time":109.5},{"angle":180,"angle2":-900,"time":110,"type":"hold","startTap":true,"endTap":true,"duration":0.5},{"angle":236.25,"time":109.5,"duration":1,"angle2":236.25,"type":"mineHold"},{"angle":123.75,"time":109.5,"duration":1,"angle2":123.75,"type":"mineHold"},{"angle":123.75,"type":"block","time":111},{"angle":90,"type":"block","time":111.5},{"angle":90,"time":112,"tap":true,"type":"block"},{"angle":0,"time":113,"duration":0.5,"angle2":-45,"type":"hold"},{"angle":0,"type":"side","time":113},{"angle":270,"time":114,"tap":true,"type":"block"},{"angle":247.5,"time":114.5,"tap":true,"type":"block"},{"angle":67.5,"duration":0.5,"time":116,"angle2":90,"startTap":true,"type":"hold","segments":1},{"angle":112.5,"duration":0.5,"time":116,"angle2":90,"startTap":true,"type":"hold","segments":1},{"angle":90,"time":115.5,"duration":1,"angle2":90,"type":"hold","endTap":true},{"angle":270,"time":117.5,"duration":1,"angle2":270,"type":"hold","endTap":true},{"angle":292.5,"duration":0.5,"time":118,"angle2":270,"startTap":true,"type":"hold","segments":1},{"angle":247.5,"duration":0.5,"time":118,"angle2":270,"startTap":true,"type":"hold","segments":1},{"angle":225,"type":"block","time":119},{"angle":270,"time":120,"tap":true,"type":"block"},{"angle":180,"time":121,"duration":0.5,"angle2":135,"type":"hold"},{"angle":180,"type":"side","time":121},{"angle":90,"time":122,"tap":true,"type":"block"},{"angle":67.5,"time":122.5,"tap":true,"type":"block"},{"angle":348.75,"type":"block","time":123.5},{"angle":0,"type":"block","time":123.5},{"angle":11.25,"type":"block","time":123.5},{"angle":343.125,"type":"block","time":124},{"angle":0,"type":"block","time":124},{"angle":16.875,"type":"block","time":124},{"angle":22.5,"type":"block","time":124.5},{"angle":360,"type":"block","time":124.5},{"angle":337.5,"type":"block","time":124.5},{"angle":180,"type":"extraTap","time":124.5},{"angle":180,"type":"extraTap","time":125},{"angle":191.25,"type":"block","time":125.5},{"angle":180,"type":"block","time":125.5},{"angle":168.75,"type":"block","time":125.5},{"angle":180,"type":"block","time":126},{"angle":196.875,"type":"block","time":126},{"angle":163.125,"type":"block","time":126},{"angle":157.5,"type":"block","time":126.5},{"angle":180,"type":"block","time":126.5},{"angle":202.5,"type":"block","time":126.5},{"angle":360,"type":"extraTap","time":126},{"angle":0,"type":"extraTap","time":126.5},{"angle":11.25,"type":"extraTap","time":128},{"angle":360,"time":128,"angle2":315,"speedMult":1.4,"type":"hold","duration":1},{"angle":303.75,"time":129.5,"speedMult":1.4,"type":"block"},{"angle":0,"time":130,"speedMult":1.4,"angle2":45,"type":"hold","duration":1},{"angle":348.75,"time":130,"speedMult":1.4,"type":"extraTap"},{"angle":56.25,"time":131.5,"speedMult":1.4,"type":"block"},{"angle":90,"time":132,"speedMult":1.4,"type":"block"},{"angle":180,"time":132.5,"speedMult":1.4,"type":"block"},{"angle":270,"time":133,"speedMult":1.4,"type":"block"},{"angle":360,"time":133.5,"speedMult":1.4,"type":"block"},{"angle":90,"time":134,"speedMult":1.4,"tap":true,"type":"block"},{"angle":180,"time":134.5,"speedMult":1.4,"tap":true,"type":"block"},{"angle":270,"time":135,"speedMult":1.4,"tap":true,"type":"block"},{"angle":360,"time":135.5,"speedMult":1.4,"tap":true,"type":"block"},{"angle":120,"type":"mine","time":136},{"angle":78.75,"time":134,"speedMult":1.4,"type":"block"},{"angle":101.25,"time":134,"speedMult":1.4,"type":"block"},{"angle":168.75,"time":134.5,"speedMult":1.4,"type":"block"},{"angle":191.25,"time":134.5,"speedMult":1.4,"type":"block"},{"angle":258.75,"time":135,"speedMult":1.4,"type":"block"},{"angle":281.25,"time":135,"speedMult":1.4,"type":"block"},{"angle":348.75,"time":135.5,"speedMult":1.4,"type":"block"},{"angle":11.25,"time":135.5,"speedMult":1.4,"type":"block"},{"angle":180,"time":136,"angle2":135,"speedMult":1.4,"type":"hold","duration":1},{"angle":168.75,"time":136,"speedMult":1.4,"type":"extraTap"},{"angle":123.75,"time":137.5,"speedMult":1.4,"type":"block"},{"angle":180,"time":138,"angle2":225,"speedMult":1.4,"type":"hold","duration":1},{"angle":191.25,"time":138,"speedMult":1.4,"type":"extraTap"},{"angle":236.25,"time":139.5,"speedMult":1.4,"type":"block"},{"angle":303.75,"time":129,"speedMult":1.4,"type":"extraTap"},{"angle":56.25,"time":131,"speedMult":1.4,"type":"extraTap"},{"angle":123.75,"time":137,"speedMult":1.4,"type":"extraTap"},{"angle":236.25,"time":139,"speedMult":1.4,"type":"extraTap"},{"angle":270,"time":140,"speedMult":1.4,"type":"block"},{"angle":360,"time":140.5,"speedMult":1.4,"type":"block"},{"angle":90,"time":141,"speedMult":1.4,"type":"block"},{"angle":180,"time":141.5,"speedMult":1.4,"type":"block"},{"angle":281.25,"time":142,"speedMult":1.4,"type":"block"},{"angle":270,"time":142,"speedMult":1.4,"tap":true,"type":"block"},{"angle":258.75,"time":142,"speedMult":1.4,"type":"block"},{"angle":348.75,"time":142.5,"speedMult":1.4,"type":"block"},{"angle":0,"time":142.5,"speedMult":1.4,"tap":true,"type":"block"},{"angle":11.25,"time":142.5,"speedMult":1.4,"type":"block"},{"angle":78.75,"time":143,"speedMult":1.4,"type":"block"},{"angle":90,"time":143,"speedMult":1.4,"tap":true,"type":"block"},{"angle":101.25,"time":143,"speedMult":1.4,"type":"block"},{"angle":168.75,"time":143.5,"speedMult":1.4,"type":"block"},{"angle":180,"time":143.5,"speedMult":1.4,"tap":true,"type":"block"},{"angle":191.25,"time":143.5,"speedMult":1.4,"type":"block"},{"angle":90,"type":"block","time":68},{"angle":90,"type":"block","time":69},{"angle":90,"type":"block","time":70},{"angle":270,"type":"block","time":76},{"angle":315,"type":"block","time":77},{"angle":270,"type":"block","time":78},{"angle":90,"type":"block","time":84},{"angle":135,"type":"block","time":85},{"angle":45,"type":"block","time":86},{"angle":270,"type":"block","time":92},{"angle":270,"type":"block","time":93},{"angle":300,"time":128,"duration":0,"angle2":60,"type":"mineHold"},{"angle":240,"time":136,"duration":0,"angle2":480,"type":"mineHold"},{"angle":300,"time":144,"duration":0,"angle2":60,"type":"mineHold"},{"angle":360,"time":144,"angle2":315,"speedMult":1.4,"type":"hold","duration":1},{"angle":11.25,"time":144,"speedMult":1.4,"type":"extraTap"},{"angle":303.75,"time":145,"speedMult":1.4,"type":"extraTap"},{"angle":303.75,"time":145.5,"speedMult":1.4,"type":"block"},{"angle":360,"time":146,"speedMult":1.4,"type":"block"},{"angle":22.5,"time":146.5,"speedMult":1.4,"type":"block"},{"angle":45,"time":147,"speedMult":1.4,"type":"block"},{"angle":67.5,"time":147.5,"speedMult":1.4,"type":"block"},{"angle":348.75,"time":146,"speedMult":1.4,"type":"extraTap"},{"angle":56.25,"time":147,"speedMult":1.4,"type":"extraTap"},{"angle":180,"time":148,"speedMult":1.4,"type":"block"},{"angle":270,"time":148.5,"speedMult":1.4,"type":"block"},{"angle":0,"time":149,"speedMult":1.4,"type":"block"},{"angle":90,"time":149.5,"speedMult":1.4,"type":"block"},{"angle":-528.75,"time":150,"speedMult":1.4,"type":"block"},{"angle":-180,"time":150,"speedMult":1.4,"tap":true,"type":"block"},{"angle":-191.25,"time":150,"speedMult":1.4,"type":"block"},{"angle":270,"time":150.5,"speedMult":1.4,"tap":true,"type":"block"},{"angle":258.75,"time":150.5,"speedMult":1.4,"type":"block"},{"angle":281.25,"time":150.5,"speedMult":1.4,"type":"block"},{"angle":-708.75,"time":151,"speedMult":1.4,"type":"block"},{"angle":-360,"time":151,"speedMult":1.4,"tap":true,"type":"block"},{"angle":-371.25,"time":151,"speedMult":1.4,"type":"block"},{"angle":-258.75,"time":151.5,"speedMult":1.4,"type":"block"},{"angle":90,"time":151.5,"speedMult":1.4,"tap":true,"type":"block"},{"angle":78.75,"time":151.5,"speedMult":1.4,"type":"block"},{"angle":180,"time":152,"angle2":225,"speedMult":1.4,"type":"hold","duration":1},{"angle":168.75,"time":152,"speedMult":1.4,"type":"extraTap"},{"angle":236.25,"time":153,"speedMult":1.4,"type":"extraTap"},{"angle":236.25,"time":153.5,"speedMult":1.4,"type":"block"},{"angle":180,"time":154,"angle2":135,"speedMult":1.4,"type":"hold","duration":1},{"angle":191.25,"time":154,"speedMult":1.4,"type":"extraTap"},{"angle":123.75,"time":155,"speedMult":1.4,"type":"extraTap"},{"angle":123.75,"time":155.5,"speedMult":1.4,"type":"block"},{"angle":101.25,"time":158,"speedMult":1.4,"type":"block"},{"angle":90,"time":158,"speedMult":1.4,"tap":true,"type":"block"},{"angle":78.75,"time":158,"speedMult":1.4,"type":"block"},{"angle":11.25,"time":158.5,"speedMult":1.4,"type":"block"},{"angle":0,"time":158.5,"speedMult":1.4,"tap":true,"type":"block"},{"angle":-11.25,"time":158.5,"speedMult":1.4,"type":"block"},{"angle":-78.75,"time":159,"speedMult":1.4,"type":"block"},{"angle":-90,"time":159,"speedMult":1.4,"tap":true,"type":"block"},{"angle":-101.25,"time":159,"speedMult":1.4,"type":"block"},{"angle":-168.75,"time":159.5,"speedMult":1.4,"type":"block"},{"angle":-180,"time":159.5,"speedMult":1.4,"tap":true,"type":"block"},{"angle":-191.25,"time":159.5,"speedMult":1.4,"type":"block"},{"angle":90,"type":"block","time":160},{"angle":56.25,"type":"block","time":160.33332824707},{"angle":33.75,"type":"block","time":160.5},{"angle":360,"type":"block","time":163.5},{"angle":337.5,"type":"block","time":163.83332824707},{"angle":315,"type":"block","time":164},{"angle":270,"type":"block","time":164.5},{"angle":180,"type":"block","time":168},{"angle":146.25,"type":"block","time":170},{"angle":112.5,"type":"block","time":171.83332824707},{"angle":135,"type":"block","time":171.5},{"angle":326.25,"time":161,"duration":0,"angle2":78.75,"type":"mineHold"},{"angle":315,"time":162,"duration":0,"angle2":67.5,"type":"mineHold"},{"angle":303.75,"time":163,"duration":0,"angle2":56.25,"type":"mineHold"},{"angle":22.5,"type":"block","time":161},{"angle":22.5,"type":"block","time":161.5},{"angle":11.25,"type":"block","time":162},{"angle":11.25,"type":"block","time":162.5},{"angle":0,"type":"block","time":163},{"angle":247.5,"type":"block","time":165},{"angle":247.5,"type":"block","time":165.5},{"angle":303.75,"time":165,"duration":0,"angle2":551.25,"type":"mineHold"},{"angle":225,"type":"block","time":166},{"angle":225,"type":"block","time":166.5},{"angle":202.5,"type":"block","time":167},{"angle":202.5,"type":"block","time":167.5},{"angle":281.25,"time":166,"duration":0,"angle2":528.75,"type":"mineHold"},{"angle":258.75,"time":167,"duration":0,"angle2":506.25,"type":"mineHold"},{"angle":213.75,"time":169,"duration":0,"angle2":461.25,"type":"mineHold"},{"angle":157.5,"type":"block","time":169},{"angle":157.5,"type":"block","time":169.5},{"angle":157.5,"type":"block","time":168.5},{"angle":0,"type":"extraTap","time":168},{"angle":0,"type":"extraTap","time":164},{"angle":180,"type":"extraTap","time":160},{"angle":0,"type":"extraTap","time":170},{"angle":146.25,"type":"block","time":170.5},{"angle":146.25,"type":"block","time":171},{"angle":202.5,"time":171,"duration":0,"angle2":450,"type":"mineHold"},{"angle":337.5,"type":"block","time":176},{"angle":360,"type":"block","time":175.66667175293},{"angle":22.5,"type":"block","time":175},{"angle":22.5,"type":"block","time":175.5},{"angle":45,"type":"block","time":174.5},{"angle":45,"type":"block","time":174},{"angle":67.5,"type":"block","time":173},{"angle":67.5,"type":"block","time":173.5},{"angle":90,"type":"block","time":172},{"angle":0,"type":"extraTap","time":172},{"angle":67.5,"type":"block","time":172.5},{"angle":11.25,"time":173,"duration":0,"angle2":-236.25,"type":"mineHold"},{"angle":348.75,"time":174,"duration":0,"angle2":101.25,"type":"mineHold"},{"angle":326.25,"time":175,"duration":0,"angle2":78.75,"type":"mineHold"},{"angle":180,"type":"extraTap","time":176},{"angle":22.5,"type":"block","time":176.5},{"angle":22.5,"type":"block","time":177},{"angle":326.25,"time":177,"duration":0,"angle2":78.75,"type":"mineHold"},{"angle":45,"type":"block","time":177.5},{"angle":67.5,"type":"block","time":177.83332824707},{"angle":90,"type":"block","time":178},{"angle":360,"type":"extraTap","time":178},{"angle":123.75,"type":"block","time":178.5},{"angle":123.75,"type":"block","time":179},{"angle":180,"time":179,"duration":0,"angle2":427.5,"type":"mineHold"},{"angle":157.5,"type":"block","time":179.5},{"angle":180,"type":"block","time":180},{"angle":225,"type":"block","time":180.5},{"angle":225,"type":"block","time":181},{"angle":0,"type":"extraTap","time":180},{"angle":168.75,"time":181,"duration":0,"angle2":-78.75,"type":"mineHold"},{"angle":247.5,"type":"block","time":181.5},{"angle":270,"type":"block","time":181.83332824707},{"angle":281.25,"type":"block","time":182},{"angle":0,"type":"extraTap","time":182},{"angle":315,"type":"block","time":182.5},{"angle":315,"type":"block","time":183},{"angle":337.5,"type":"block","time":183.5},{"angle":258.75,"time":183,"duration":0,"angle2":11.25,"type":"mineHold"},{"angle":360,"type":"block","time":184},{"angle":180,"type":"extraTap","time":184},{"angle":0,"type":"extraTap","time":185},{"angle":326.25,"type":"block","time":185},{"angle":33.75,"type":"block","time":186},{"angle":0,"type":"extraTap","time":186},{"angle":360,"type":"block","time":186.5},{"angle":0,"type":"block","time":187},{"angle":303.75,"time":187,"duration":0,"angle2":56.25,"type":"mineHold"},{"angle":315,"type":"block","time":187.5},{"angle":292.5,"type":"block","time":187.83332824707},{"angle":281.25,"type":"block","time":188},{"angle":247.5,"type":"block","time":188.5},{"angle":247.5,"type":"block","time":189},{"angle":303.75,"time":189,"duration":0,"angle2":551.25,"type":"mineHold"},{"angle":0,"type":"extraTap","time":188},{"angle":213.75,"type":"block","time":189.5},{"angle":180,"type":"block","time":189.83332824707},{"angle":360,"type":"extraTap","time":190},{"angle":168.75,"type":"block","time":190},{"angle":157.5,"type":"block","time":190.5},{"angle":135,"type":"block","time":191},{"angle":112.5,"type":"block","time":191.5},{"angle":191.25,"time":191,"duration":0,"angle2":438.75,"type":"mineHold"},{"angle":90,"type":"block","time":192},{"angle":360,"type":"block","time":192.5},{"angle":90,"type":"block","time":194},{"angle":180,"type":"block","time":194.5},{"angle":135,"type":"block","time":195.5},{"angle":270,"time":193,"duration":0.49999994039536,"angle2":405,"type":"hold"},{"angle":45,"type":"block","time":193.5},{"angle":270,"time":195,"duration":0.5,"angle2":135,"type":"hold"},{"angle":90,"type":"block","time":196},{"angle":0,"type":"block","time":196.5},{"angle":270,"time":197,"duration":0.5,"angle2":405,"type":"hold"},{"angle":45,"type":"block","time":197.5},{"angle":90,"type":"block","time":198},{"angle":180,"type":"block","time":198.5},{"angle":270,"time":199,"duration":0.5,"angle2":135,"type":"hold"},{"angle":0,"type":"extraTap","time":194},{"angle":0,"type":"extraTap","time":192},{"angle":0,"type":"extraTap","time":196},{"angle":360,"type":"extraTap","time":198},{"angle":135,"type":"block","time":199.5},{"angle":90,"time":200,"speedMult":0.75,"type":"block"},{"angle":360,"time":200.5,"speedMult":0.75,"type":"block"},{"angle":90,"time":202,"speedMult":0.75,"type":"block"},{"angle":180,"time":202.5,"speedMult":0.75,"type":"block"},{"angle":135,"time":203.5,"speedMult":0.75,"type":"block"},{"angle":270,"time":201,"angle2":405,"speedMult":0.75,"type":"hold","duration":0.49999994039536},{"angle":45,"time":201.5,"speedMult":0.75,"type":"block"},{"angle":270,"time":203,"speedMult":0.75,"angle2":135,"type":"hold","duration":0.5},{"angle":90,"time":204,"speedMult":0.75,"type":"block"},{"angle":0,"time":204.5,"speedMult":0.75,"type":"block"},{"angle":270,"time":205,"angle2":405,"speedMult":0.75,"type":"hold","duration":0.5},{"angle":45,"time":205.5,"speedMult":0.75,"type":"block"},{"angle":90,"time":206,"speedMult":0.75,"type":"block"},{"angle":180,"time":206.5,"speedMult":0.75,"type":"block"},{"angle":270,"time":207,"angle2":135,"speedMult":0.75,"type":"hold","duration":0.5},{"angle":135,"time":207.5,"speedMult":0.75,"type":"block"},{"angle":270,"time":200,"speedMult":0.75,"type":"extraTap"},{"angle":270,"time":202,"speedMult":0.75,"type":"extraTap"},{"angle":270,"time":204,"speedMult":0.75,"type":"extraTap"},{"angle":270,"time":206,"speedMult":0.75,"type":"extraTap"},{"angle":90,"time":208,"speedMult":0.5,"type":"block"},{"angle":360,"time":208.5,"speedMult":0.5,"type":"block"},{"angle":90,"time":210,"speedMult":0.5,"type":"block"},{"angle":180,"time":210.5,"speedMult":0.5,"type":"block"},{"angle":135,"time":211.5,"speedMult":0.5,"type":"block"},{"angle":270,"time":209,"angle2":405,"speedMult":0.5,"type":"hold","duration":0.49999994039536},{"angle":45,"time":209.5,"speedMult":0.5,"type":"block"},{"angle":270,"time":211,"speedMult":0.5,"angle2":135,"type":"hold","duration":0.5},{"angle":90,"time":212,"speedMult":0.5,"type":"block"},{"angle":0,"time":212.5,"speedMult":0.5,"type":"block"},{"angle":270,"time":213,"angle2":405,"speedMult":0.5,"type":"hold","duration":0.5},{"angle":45,"time":213.5,"speedMult":0.5,"type":"block"},{"angle":90,"time":214,"speedMult":0.5,"type":"block"},{"angle":180,"time":214.5,"speedMult":0.5,"type":"block"},{"angle":270,"time":215,"angle2":135,"speedMult":0.5,"type":"hold","duration":0.5},{"angle":135,"time":215.5,"speedMult":0.5,"type":"block"},{"angle":270,"time":208,"speedMult":0.5,"type":"extraTap"},{"angle":270,"time":212,"speedMult":0.5,"type":"extraTap"},{"angle":270,"time":214,"speedMult":0.5,"type":"extraTap"},{"angle":157.5,"time":156,"speedMult":1.4,"type":"block"},{"angle":123.75,"time":157,"speedMult":1.4,"type":"block"},{"angle":270,"time":210,"speedMult":0.5,"type":"extraTap"},{"angle":30,"time":216,"tap":true,"type":"block"},{"angle":87.5,"time":217,"tap":true,"type":"block"},{"angle":92.5,"time":217,"tap":true,"type":"block"},{"angle":150,"time":218,"tap":true,"type":"block"},{"angle":155,"time":218,"tap":true,"type":"block"},{"angle":145,"time":218,"tap":true,"type":"block"},{"angle":207.5,"time":219,"tap":true,"type":"block"},{"angle":212.5,"time":219,"tap":true,"type":"block"},{"angle":217.5,"time":219,"tap":true,"type":"block"},{"angle":202.5,"time":219,"tap":true,"type":"block"},{"angle":270,"time":220,"tap":true,"type":"block"},{"angle":265,"time":220,"tap":true,"type":"block"},{"angle":260,"time":220,"tap":true,"type":"block"},{"angle":275,"time":220,"tap":true,"type":"block"},{"angle":280,"time":220,"tap":true,"type":"block"},{"angle":332.5,"time":221,"tap":true,"type":"block"},{"angle":337.5,"time":221,"tap":true,"type":"block"},{"angle":342.5,"time":221,"tap":true,"type":"block"},{"angle":327.5,"time":221,"tap":true,"type":"block"},{"angle":322.5,"time":221,"tap":true,"type":"block"},{"angle":317.5,"time":221,"tap":true,"type":"block"},{"angle":90,"type":"block","time":222},{"angle":0,"type":"block","time":222.5},{"angle":270,"time":223,"duration":0.5,"angle2":405,"type":"hold"},{"angle":45,"type":"block","time":223.5},{"angle":0,"type":"extraTap","time":222},{"angle":180,"time":224,"angle2":225,"speedMult":1.4,"type":"hold","duration":1},{"angle":168.75,"time":224,"speedMult":1.4,"type":"extraTap"},{"angle":120,"time":224,"duration":0,"angle2":-120,"type":"mineHold"},{"angle":236.25,"time":225.5,"speedMult":1.4,"type":"block"},{"angle":-180,"time":226,"angle2":-225,"speedMult":1.4,"type":"hold","duration":1},{"angle":-528.75,"time":226,"speedMult":1.4,"type":"extraTap"},{"angle":123.75,"time":227.5,"speedMult":1.4,"type":"block"},{"angle":-270,"time":228,"speedMult":1.4,"type":"block"},{"angle":-360,"time":228.5,"speedMult":1.4,"type":"block"},{"angle":-450,"time":229,"speedMult":1.4,"type":"block"},{"angle":-540,"time":229.5,"speedMult":1.4,"type":"block"},{"angle":-270,"time":230,"speedMult":1.4,"tap":true,"type":"block"},{"angle":-360,"time":230.5,"speedMult":1.4,"tap":true,"type":"block"},{"angle":-450,"time":231,"speedMult":1.4,"tap":true,"type":"block"},{"angle":-540,"time":231.5,"speedMult":1.4,"tap":true,"type":"block"},{"angle":-300,"type":"mine","time":232},{"angle":-258.75,"time":230,"speedMult":1.4,"type":"block"},{"angle":-281.25,"time":230,"speedMult":1.4,"type":"block"},{"angle":-348.75,"time":230.5,"speedMult":1.4,"type":"block"},{"angle":-371.25,"time":230.5,"speedMult":1.4,"type":"block"},{"angle":-438.75,"time":231,"speedMult":1.4,"type":"block"},{"angle":-461.25,"time":231,"speedMult":1.4,"type":"block"},{"angle":-528.75,"time":231.5,"speedMult":1.4,"type":"block"},{"angle":-191.25,"time":231.5,"speedMult":1.4,"type":"block"},{"angle":-360,"time":232,"angle2":-315,"speedMult":1.4,"type":"hold","duration":1},{"angle":-348.75,"time":232,"speedMult":1.4,"type":"extraTap"},{"angle":-303.75,"time":233.5,"speedMult":1.4,"type":"block"},{"angle":-360,"time":234,"angle2":-405,"speedMult":1.4,"type":"hold","duration":1},{"angle":-371.25,"time":234,"speedMult":1.4,"type":"extraTap"},{"angle":-416.25,"time":235.5,"speedMult":1.4,"type":"block"},{"angle":236.25,"time":225,"speedMult":1.4,"type":"extraTap"},{"angle":123.75,"time":227,"speedMult":1.4,"type":"extraTap"},{"angle":-303.75,"time":233,"speedMult":1.4,"type":"extraTap"},{"angle":-416.25,"time":235,"speedMult":1.4,"type":"extraTap"},{"angle":-450,"time":236,"speedMult":1.4,"type":"block"},{"angle":-540,"time":236.5,"speedMult":1.4,"type":"block"},{"angle":-270,"time":237,"speedMult":1.4,"type":"block"},{"angle":-360,"time":237.5,"speedMult":1.4,"type":"block"},{"angle":-461.25,"time":238,"speedMult":1.4,"type":"block"},{"angle":-450,"time":238,"speedMult":1.4,"tap":true,"type":"block"},{"angle":-438.75,"time":238,"speedMult":1.4,"type":"block"},{"angle":-528.75,"time":238.5,"speedMult":1.4,"type":"block"},{"angle":-180,"time":238.5,"speedMult":1.4,"tap":true,"type":"block"},{"angle":-191.25,"time":238.5,"speedMult":1.4,"type":"block"},{"angle":-258.75,"time":239,"speedMult":1.4,"type":"block"},{"angle":-270,"time":239,"speedMult":1.4,"tap":true,"type":"block"},{"angle":-281.25,"time":239,"speedMult":1.4,"type":"block"},{"angle":-348.75,"time":239.5,"speedMult":1.4,"type":"block"},{"angle":-360,"time":239.5,"speedMult":1.4,"tap":true,"type":"block"},{"angle":-371.25,"time":239.5,"speedMult":1.4,"type":"block"},{"angle":-420,"time":232,"duration":0,"angle2":-660,"type":"mineHold"},{"angle":-480,"time":240,"duration":0,"angle2":-240,"type":"mineHold"},{"angle":-540,"time":240,"angle2":-495,"speedMult":1.4,"type":"hold","duration":1},{"angle":-191.25,"time":240,"speedMult":1.4,"type":"extraTap"},{"angle":-483.75,"time":241,"speedMult":1.4,"type":"extraTap"},{"angle":-483.75,"time":241.5,"speedMult":1.4,"type":"block"},{"angle":123.75,"time":243.5,"speedMult":1.4,"type":"block"},{"angle":-528.75,"time":242,"speedMult":1.4,"type":"extraTap"},{"angle":-236.25,"time":243,"speedMult":1.4,"type":"extraTap"},{"angle":-360,"time":244,"speedMult":1.4,"type":"block"},{"angle":-450,"time":244.5,"speedMult":1.4,"type":"block"},{"angle":-180,"time":245,"speedMult":1.4,"type":"block"},{"angle":-270,"time":245.5,"speedMult":1.4,"type":"block"},{"angle":348.75,"time":246,"speedMult":1.4,"type":"block"},{"angle":0,"time":246,"speedMult":1.4,"tap":true,"type":"block"},{"angle":11.25,"time":246,"speedMult":1.4,"type":"block"},{"angle":-450,"time":246.5,"speedMult":1.4,"tap":true,"type":"block"},{"angle":-438.75,"time":246.5,"speedMult":1.4,"type":"block"},{"angle":-461.25,"time":246.5,"speedMult":1.4,"type":"block"},{"angle":528.75,"time":247,"speedMult":1.4,"type":"block"},{"angle":180,"time":247,"speedMult":1.4,"tap":true,"type":"block"},{"angle":191.25,"time":247,"speedMult":1.4,"type":"block"},{"angle":78.75,"time":247.5,"speedMult":1.4,"type":"block"},{"angle":-270,"time":247.5,"speedMult":1.4,"tap":true,"type":"block"},{"angle":-258.75,"time":247.5,"speedMult":1.4,"type":"block"},{"angle":-360,"time":248,"angle2":-405,"speedMult":1.4,"type":"hold","duration":1},{"angle":-348.75,"time":248,"speedMult":1.4,"type":"extraTap"},{"angle":-416.25,"time":249,"speedMult":1.4,"type":"extraTap"},{"angle":-416.25,"time":249.5,"speedMult":1.4,"type":"block"},{"angle":-360,"time":250,"angle2":-315,"speedMult":1.4,"type":"hold","duration":1},{"angle":-371.25,"time":250,"speedMult":1.4,"type":"extraTap"},{"angle":-303.75,"time":251,"speedMult":1.4,"type":"extraTap"},{"angle":-303.75,"time":251.5,"speedMult":1.3999999761581,"type":"block"},{"angle":90,"duration":0.5,"time":253,"angle2":90,"startTap":true,"type":"hold","speedMult":1.4},{"angle":78.75,"time":253.5,"speedMult":1.4,"tap":true,"type":"block"},{"angle":101.25,"time":253.5,"speedMult":1.4,"tap":true,"type":"block"},{"angle":180,"duration":0.5,"time":254,"angle2":180,"startTap":true,"type":"hold","speedMult":1.4},{"angle":168.75,"time":254.5,"speedMult":1.4,"tap":true,"type":"block"},{"angle":191.25,"time":254.5,"speedMult":1.4,"tap":true,"type":"block"},{"angle":281.25,"time":255,"speedMult":1.4,"type":"block"},{"angle":270,"time":255,"speedMult":1.4,"tap":true,"type":"block"},{"angle":258.75,"time":255,"speedMult":1.4,"type":"block"},{"angle":180,"time":254.5,"speedMult":1.4,"type":"block"},{"angle":90,"time":253.5,"speedMult":1.4,"type":"block"},{"angle":11.25,"type":"extraTap","time":256},{"angle":360,"time":256,"angle2":315,"speedMult":1.4,"type":"hold","duration":1},{"angle":303.75,"time":257.5,"speedMult":1.4,"type":"block"},{"angle":0,"time":258,"angle2":45,"speedMult":1.4,"type":"hold","duration":1},{"angle":348.75,"time":258,"speedMult":1.4,"type":"extraTap"},{"angle":56.25,"time":259.5,"speedMult":1.4,"type":"block"},{"angle":90,"time":260,"speedMult":1.4,"type":"block"},{"angle":180,"time":260.5,"speedMult":1.4,"type":"block"},{"angle":270,"time":261,"speedMult":1.4,"type":"block"},{"angle":360,"time":261.5,"speedMult":1.4,"type":"block"},{"angle":90,"time":262,"speedMult":1.4,"tap":true,"type":"block"},{"angle":180,"time":262.5,"speedMult":1.4,"tap":true,"type":"block"},{"angle":270,"time":263,"speedMult":1.4,"tap":true,"type":"block"},{"angle":360,"time":263.5,"speedMult":1.4,"tap":true,"type":"block"},{"angle":120,"type":"mine","time":264},{"angle":78.75,"time":262,"speedMult":1.4,"type":"block"},{"angle":101.25,"time":262,"speedMult":1.4,"type":"block"},{"angle":168.75,"time":262.5,"speedMult":1.4,"type":"block"},{"angle":191.25,"time":262.5,"speedMult":1.4,"type":"block"},{"angle":258.75,"time":263,"speedMult":1.4,"type":"block"},{"angle":281.25,"time":263,"speedMult":1.4,"type":"block"},{"angle":348.75,"time":263.5,"speedMult":1.4,"type":"block"},{"angle":11.25,"time":263.5,"speedMult":1.4,"type":"block"},{"angle":180,"time":264,"angle2":135,"speedMult":1.4,"type":"hold","duration":1},{"angle":168.75,"time":264,"speedMult":1.4,"type":"extraTap"},{"angle":123.75,"time":265.5,"speedMult":1.4,"type":"block"},{"angle":180,"time":266,"angle2":225,"speedMult":1.4,"type":"hold","duration":1},{"angle":191.25,"time":266,"speedMult":1.4,"type":"extraTap"},{"angle":236.25,"time":267.5,"speedMult":1.4,"type":"block"},{"angle":303.75,"time":257,"speedMult":1.4,"type":"extraTap"},{"angle":56.25,"time":259,"speedMult":1.4,"type":"extraTap"},{"angle":123.75,"time":265,"speedMult":1.4,"type":"extraTap"},{"angle":236.25,"time":267,"speedMult":1.4,"type":"extraTap"},{"angle":270,"time":268,"speedMult":1.4,"type":"block"},{"angle":360,"time":268.5,"speedMult":1.4,"type":"block"},{"angle":90,"time":269,"speedMult":1.4,"type":"block"},{"angle":180,"time":269.5,"speedMult":1.4,"type":"block"},{"angle":281.25,"time":270,"speedMult":1.4,"type":"block"},{"angle":270,"time":270,"speedMult":1.4,"tap":true,"type":"block"},{"angle":258.75,"time":270,"speedMult":1.4,"type":"block"},{"angle":348.75,"time":270.5,"speedMult":1.4,"type":"block"},{"angle":0,"time":270.5,"speedMult":1.4,"tap":true,"type":"block"},{"angle":11.25,"time":270.5,"speedMult":1.4,"type":"block"},{"angle":78.75,"time":271,"speedMult":1.4,"type":"block"},{"angle":90,"time":271,"speedMult":1.4,"tap":true,"type":"block"},{"angle":101.25,"time":271,"speedMult":1.4,"type":"block"},{"angle":168.75,"time":271.5,"speedMult":1.4,"type":"block"},{"angle":180,"time":271.5,"speedMult":1.4,"tap":true,"type":"block"},{"angle":191.25,"time":271.5,"speedMult":1.4,"type":"block"},{"angle":300,"time":256,"duration":0,"angle2":60,"type":"mineHold"},{"angle":240,"time":264,"duration":0,"angle2":480,"type":"mineHold"},{"angle":300,"time":272,"duration":0,"angle2":60,"type":"mineHold"},{"angle":360,"time":272,"angle2":315,"speedMult":1.4,"type":"hold","duration":1},{"angle":11.25,"time":272,"speedMult":1.4,"type":"extraTap"},{"angle":303.75,"time":273,"speedMult":1.4,"type":"extraTap"},{"angle":303.75,"time":273.5,"speedMult":1.4,"type":"block"},{"angle":360,"time":274,"speedMult":1.4,"type":"block"},{"angle":22.5,"time":274.5,"speedMult":1.4,"type":"block"},{"angle":45,"time":275,"speedMult":1.4,"type":"block"},{"angle":67.5,"time":275.5,"speedMult":1.4,"type":"block"},{"angle":348.75,"time":274,"speedMult":1.4,"type":"extraTap"},{"angle":56.25,"time":275,"speedMult":1.4,"type":"extraTap"},{"angle":180,"time":276,"speedMult":1.4,"type":"block"},{"angle":0,"time":277,"speedMult":1.4,"type":"block"},{"angle":90,"time":277.5,"speedMult":1.4,"type":"block"},{"angle":-528.75,"time":278,"speedMult":1.4,"type":"block"},{"angle":-180,"time":278,"speedMult":1.4,"tap":true,"type":"block"},{"angle":-191.25,"time":278,"speedMult":1.4,"type":"block"},{"angle":270,"time":278.5,"speedMult":1.4,"tap":true,"type":"block"},{"angle":258.75,"time":278.5,"speedMult":1.4,"type":"block"},{"angle":281.25,"time":278.5,"speedMult":1.4,"type":"block"},{"angle":-708.75,"time":279,"speedMult":1.4,"type":"block"},{"angle":-360,"time":279,"speedMult":1.4,"tap":true,"type":"block"},{"angle":-371.25,"time":279,"speedMult":1.4,"type":"block"},{"angle":-258.75,"time":279.5,"speedMult":1.4,"type":"block"},{"angle":90,"time":279.5,"speedMult":1.4,"tap":true,"type":"block"},{"angle":78.75,"time":279.5,"speedMult":1.4,"type":"block"},{"angle":180,"time":280,"angle2":225,"speedMult":1.4,"type":"hold","duration":1},{"angle":168.75,"time":280,"speedMult":1.4,"type":"extraTap"},{"angle":236.25,"time":281,"speedMult":1.4,"type":"extraTap"},{"angle":236.25,"time":281.5,"speedMult":1.4,"type":"block"},{"angle":180,"time":282,"angle2":135,"speedMult":1.4,"type":"hold","duration":1},{"angle":191.25,"time":282,"speedMult":1.4,"type":"extraTap"},{"angle":123.75,"time":283,"speedMult":1.4,"type":"extraTap"},{"angle":123.75,"time":283.5,"speedMult":1.4,"type":"block"},{"angle":101.25,"time":286,"speedMult":1.4,"type":"block"},{"angle":90,"time":286,"speedMult":1.4,"tap":true,"type":"block"},{"angle":78.75,"time":286,"speedMult":1.4,"type":"block"},{"angle":11.25,"time":286.5,"speedMult":1.4,"type":"block"},{"angle":0,"time":286.5,"speedMult":1.4,"tap":true,"type":"block"},{"angle":-11.25,"time":286.5,"speedMult":1.4,"type":"block"},{"angle":-78.75,"time":287,"speedMult":1.4,"type":"block"},{"angle":-90,"time":287,"speedMult":1.4,"tap":true,"type":"block"},{"angle":-101.25,"time":287,"speedMult":1.4,"type":"block"},{"angle":-168.75,"time":287.5,"speedMult":1.4,"type":"block"},{"angle":-180,"time":287.5,"speedMult":1.4,"tap":true,"type":"block"},{"angle":-191.25,"time":287.5,"speedMult":1.4,"type":"block"},{"angle":157.5,"time":284,"speedMult":1.4,"type":"block"},{"angle":123.75,"time":285,"speedMult":1.4,"type":"block"},{"angle":180,"time":242,"angle2":135,"speedMult":1.4,"type":"hold","duration":1},{"angle":78.75,"time":252,"speedMult":1.3999999761581,"type":"block"},{"angle":90,"time":288,"tap":true,"type":"block"},{"angle":90,"time":289,"tap":true,"type":"block"},{"angle":90,"type":"block","time":290},{"angle":90,"time":291,"tap":true,"type":"block"},{"angle":0,"type":"block","time":292},{"angle":0,"time":293,"tap":true,"type":"block"},{"angle":0,"type":"block","time":294},{"angle":0,"time":295,"tap":true,"type":"block"},{"angle":270,"type":"block","time":296},{"angle":270,"time":297,"tap":true,"type":"block"},{"angle":270,"type":"block","time":298},{"angle":270,"time":299,"tap":true,"type":"block"},{"angle":180,"type":"block","time":300},{"angle":180,"time":301,"tap":true,"type":"block"},{"angle":180,"type":"block","time":302},{"angle":180,"time":303,"tap":true,"type":"block"},{"angle":90,"type":"block","time":304},{"angle":90,"time":305,"tap":true,"type":"block"},{"angle":0,"type":"block","time":306},{"angle":360,"time":307,"tap":true,"type":"block"},{"angle":270,"type":"block","time":308},{"angle":270,"time":309,"tap":true,"type":"block"},{"angle":180,"type":"block","time":310},{"angle":180,"time":311,"tap":true,"type":"block"},{"angle":90,"type":"block","time":312},{"angle":90,"time":313,"tap":true,"type":"block"},{"angle":0,"type":"block","time":314},{"angle":0,"time":315,"tap":true,"type":"block"},{"angle":270,"type":"block","time":316},{"angle":270,"time":317,"tap":true,"type":"block"},{"angle":90,"type":"block","time":318},{"angle":180,"type":"block","time":318.5},{"angle":270,"time":319,"duration":0.5,"angle2":135,"type":"hold"},{"angle":135,"type":"block","time":319.5},{"angle":270,"time":276.5,"speedMult":1.3999999761581,"type":"block"},{"angle":240,"time":152,"duration":0,"angle2":480,"type":"mineHold"},{"angle":180,"time":99.5,"angle2":157.5,"duration":0.25,"type":"hold","holdEase":"outSine"},{"angle":157.5,"time":99.75,"duration":0.25,"angle2":180,"type":"hold","holdEase":"inSine"},{"angle":180,"time":100,"angle2":202.5,"startTap":true,"type":"hold","duration":0.25,"holdEase":"outSine"},{"angle":202.5,"time":100.25,"duration":0.25,"type":"hold","endTap":true,"angle2":180,"holdEase":"inSine"},{"angle":348.75,"time":101.5,"duration":1,"angle2":348.75,"type":"hold"},{"angle":11.25,"type":"block","time":101.5},{"angle":300,"time":248,"angle2":60,"duration":0,"type":"mineHold"},{"angle":240,"time":280,"angle2":480,"duration":0,"type":"mineHold"}]