{"events":[{"angle":180,"time":0,"bpm":130,"file":"world.execute(me);.ogg","type":"play","volume":0.59999996423721,"offset":0.12999999523163},{"description":"----","type":"bookmark","angle":168.75,"time":32,"r":0,"g":0,"name":"SIMULATION","b":0},{"description":"","type":"bookmark","angle":90,"time":1,"r":0,"g":0,"name":"SWITCH ON THE POWERLINE","b":0},{"description":"THEN I WILL GIVE YOU MY DIMENSION","type":"bookmark","angle":180,"time":64,"r":0,"g":0,"name":"IF I'M A SET OF POINTS","b":0},{"description":"TO AC, TO DC","type":"bookmark","angle":180,"time":96,"r":0,"g":0,"name":"SWITCH MY CURRENT","b":0},{"description":"GIVE YOU ALL THE STIMULATIONS","type":"bookmark","angle":348.75,"time":128,"r":0,"g":0,"name":"IF I CAN, IF I CAN","b":0},{"description":"","type":"bookmark","angle":0,"time":160,"r":0,"g":0,"name":"break;","b":0},{"description":"EXECUTION EXECUTION","type":"bookmark","angle":180,"time":192,"r":0,"g":0,"name":"EXECUTION EXECUTION","b":0},{"description":"FEEL YOUR VIBRATIONS","type":"bookmark","angle":191.25,"time":224,"r":0,"g":0,"name":"IF I CAN, IF I CAN","b":0},{"description":"HOW TO PROPERLY LO-O-O-OVE","type":"bookmark","angle":348.75,"time":256,"r":0,"g":0,"name":"I'VE STUDIED, I'VE STUDIED","b":0},{"description":"","type":"bookmark","angle":180,"time":288,"r":0,"g":0,"name":"return true;","b":0},{"angle":0,"type":"showResults","time":321},{"angle":90,"time":-4,"color":0,"r":0,"type":"setColor","g":0,"b":0},{"angle":101.25,"time":-4,"color":1,"g":255,"type":"setColor","r":255,"b":255},{"type":"deco","drawLayer":"bg","time":-4,"y":20,"angle":0,"id":"lyr0","x":20,"sprite":"lyrics#0"},{"angle":112.5,"time":-4,"color":2,"g":123,"type":"setColor","r":255,"b":114},{"angle":123.75,"time":-4,"color":4,"g":214,"type":"setColor","r":165,"b":255},{"angle":135,"time":-4,"color":5,"r":139,"type":"setColor","g":148,"b":158},{"angle":146.25,"time":-4,"color":6,"g":168,"type":"setColor","r":210,"b":255},{"angle":157.5,"time":-4,"color":7,"r":121,"type":"setColor","g":192,"b":255},{"type":"deco","drawLayer":"bg","time":-4,"y":35,"angle":348.75,"id":"lyr1","x":20,"sprite":"lyrics#1"},{"id":"lyr2","angle":337.5,"time":-4,"y":50,"drawLayer":"bg","type":"deco","x":20,"sprite":"lyrics#2"},{"type":"deco","drawLayer":"bg","time":-4,"y":95,"angle":303.75,"id":"lyr5","x":20,"sprite":"lyrics#5"},{"type":"deco","angle":326.25,"time":-4,"y":65,"drawLayer":"bg","id":"lyr3","x":20,"sprite":"lyrics#3"},{"id":"lyr4","angle":315,"time":-4,"y":80,"drawLayer":"bg","type":"deco","x":20,"sprite":"lyrics#4"},{"type":"deco","drawLayer":"bg","time":-4,"y":125,"angle":281.25,"id":"lyr7","x":20,"sprite":"lyrics#7"},{"type":"deco","drawLayer":"bg","time":-4,"y":110,"angle":292.5,"id":"lyr6","x":20,"sprite":"lyrics#6"},{"type":"deco","angle":270,"time":-4,"y":140,"drawLayer":"bg","id":"lyr8","x":20,"sprite":"lyrics#21"},{"id":"lyr10","angle":90,"time":-0,"y":170,"drawLayer":"bg","type":"deco","x":20,"sprite":"lyrics#8"},{"id":"lyr9","drawLayer":"bg","time":-4,"y":155,"angle":258.75,"type":"deco","x":20,"sprite":"lyrics#116"},{"id":"lyr11","angle":101.25,"time":0,"y":185,"drawLayer":"bg","type":"deco","x":20,"sprite":"lyrics#9"},{"type":"deco","angle":112.5,"time":0,"y":200,"drawLayer":"bg","id":"lyr12","x":20,"sprite":"lyrics#10"},{"id":"lyr13","drawLayer":"bg","time":-0,"y":215,"angle":123.75,"type":"deco","x":20,"sprite":"lyrics#11"},{"angle":0,"time":7.875,"angleOffset":false,"order":-5,"type":"tag","tag":"resetLyrics"},{"drawLayer":"bg","time":8,"type":"deco","angle":11.25,"id":"lyr0","sprite":"lyrics#12"},{"drawLayer":"bg","time":8,"type":"deco","angle":22.5,"id":"lyr1","sprite":"lyrics#13"},{"drawLayer":"bg","time":8,"type":"deco","angle":33.75,"id":"lyr2","sprite":"lyrics#14"},{"drawLayer":"bg","time":8,"type":"deco","angle":45,"id":"lyr3","sprite":"lyrics#15"},{"drawLayer":"bg","time":16,"type":"deco","angle":11.25,"id":"lyr5","sprite":"lyrics#16"},{"drawLayer":"bg","time":16,"type":"deco","angle":22.5,"id":"lyr6","sprite":"lyrics#17"},{"drawLayer":"bg","time":16,"type":"deco","angle":33.75,"id":"lyr7","sprite":"lyrics#18"},{"drawLayer":"bg","time":16,"type":"deco","angle":45,"id":"lyr8","sprite":"lyrics#19"},{"drawLayer":"bg","time":24,"type":"deco","angle":11.25,"id":"lyr11","sprite":"lyrics#22"},{"drawLayer":"bg","time":24,"type":"deco","angle":22.5,"id":"lyr12","sprite":"lyrics#23"},{"drawLayer":"bg","time":24,"type":"deco","angle":33.75,"id":"lyr13","sprite":"lyrics#24"},{"drawLayer":"bg","time":24,"angle":45,"type":"deco","id":"lyr14","x":20,"sprite":"lyrics#25"},{"drawLayer":"bg","time":16,"type":"deco","angle":56.25,"id":"lyr9","sprite":"lyrics#20"},{"drawLayer":"bg","time":27.5,"angle":11.25,"type":"deco","id":"lyr15","x":20,"sprite":"lyrics#26"},{"drawLayer":"bg","time":27.5,"angle":33.75,"type":"deco","id":"lyr16","x":20,"sprite":"lyrics#27"},{"drawLayer":"bg","time":27.5,"angle":56.25,"type":"deco","id":"lyr17","x":20,"sprite":"lyrics#28"},{"angle":0,"time":32,"angleOffset":false,"type":"tag","tag":"resetLyrics"},{"angle":11.25,"time":64,"type":"deco","id":"lyr0","sprite":"lyrics#29"},{"angle":22.5,"time":64,"type":"deco","id":"lyr1","sprite":"lyrics#30"},{"angle":33.75,"time":64,"type":"deco","id":"lyr2","sprite":"lyrics#31"},{"angle":45,"time":64,"type":"deco","id":"lyr3","sprite":"lyrics#32"},{"angle":56.25,"time":64,"type":"deco","id":"lyr4","sprite":"lyrics#33"},{"angle":11.25,"time":72,"id":"lyr7","type":"deco","sprite":"lyrics#35"},{"angle":22.5,"time":72,"id":"lyr8","type":"deco","sprite":"lyrics#36"},{"angle":33.75,"time":72,"type":"deco","id":"lyr9","sprite":"lyrics#31"},{"angle":45,"time":72,"type":"deco","id":"lyr10","sprite":"lyrics#37"},{"angle":56.25,"time":72,"type":"deco","id":"lyr11","sprite":"lyrics#38"},{"angle":67.5,"time":64,"type":"deco","id":"lyr5","sprite":"lyrics#34"},{"angle":67.5,"time":72,"type":"deco","id":"lyr12","sprite":"lyrics#34"},{"angle":0,"time":79.833335876465,"angleOffset":false,"order":-1,"type":"tag","tag":"resetLyrics"},{"angle":11.25,"time":80,"id":"lyr0","type":"deco","sprite":"lyrics#39"},{"angle":22.5,"time":80,"id":"lyr1","type":"deco","sprite":"lyrics#40"},{"angle":33.75,"time":80,"type":"deco","id":"lyr2","sprite":"lyrics#41"},{"angle":45,"time":80,"id":"lyr3","type":"deco","sprite":"lyrics#42"},{"angle":56.25,"time":80,"id":"lyr4","type":"deco","sprite":"lyrics#43"},{"angle":67.5,"time":80,"id":"lyr5","type":"deco","sprite":"lyrics#34"},{"angle":11.25,"time":88,"type":"deco","id":"lyr7","sprite":"lyrics#44"},{"angle":22.5,"time":88,"type":"deco","id":"lyr8","sprite":"lyrics#45"},{"angle":33.75,"time":88,"id":"lyr9","type":"deco","sprite":"lyrics#46"},{"angle":45,"time":88,"type":"deco","id":"lyr10","sprite":"lyrics#47"},{"angle":56.25,"time":88,"id":"lyr11","type":"deco","sprite":"lyrics#48"},{"angle":67.5,"time":88,"type":"deco","id":"lyr12","sprite":"lyrics#34"},{"angle":0,"time":95.875,"angleOffset":false,"order":-1,"type":"tag","tag":"resetLyrics"},{"angle":11.25,"time":96,"type":"deco","id":"lyr0","sprite":"lyrics#49"},{"angle":22.5,"time":96,"type":"deco","id":"lyr1","sprite":"lyrics#50"},{"angle":33.75,"time":96,"type":"deco","id":"lyr2","sprite":"lyrics#51"},{"angle":11.25,"time":103,"type":"deco","id":"lyr4","sprite":"lyrics#52"},{"angle":22.5,"time":103,"type":"deco","id":"lyr5","sprite":"lyrics#53"},{"angle":11.25,"time":107.5,"type":"deco","id":"lyr6","sprite":"lyrics#54"},{"angle":22.5,"time":107.5,"id":"lyr7","type":"deco","sprite":"lyrics#55"},{"angle":11.25,"time":111,"type":"deco","id":"lyr9","sprite":"lyrics#56"},{"angle":22.5,"time":111,"type":"deco","id":"lyr10","sprite":"lyrics#57"},{"angle":33.75,"time":111,"type":"deco","id":"lyr11","sprite":"lyrics#58"},{"angle":45,"time":111,"id":"lyr12","type":"deco","sprite":"lyrics#59"},{"angle":11.25,"time":119,"id":"lyr14","type":"deco","sprite":"lyrics#60"},{"angle":22.5,"time":119,"type":"deco","id":"lyr15","sprite":"lyrics#61"},{"angle":33.75,"time":119,"type":"deco","id":"lyr16","sprite":"lyrics#62"},{"angle":0,"time":127,"angleOffset":false,"order":-1,"type":"tag","tag":"resetLyrics"},{"angle":90,"time":128,"type":"deco","id":"lyr0","sprite":"lyrics#63"},{"angle":101.25,"time":128,"id":"lyr1","type":"deco","sprite":"lyrics#64"},{"angle":112.5,"time":128,"type":"deco","id":"lyr2","sprite":"lyrics#65"},{"angle":123.75,"time":128,"id":"lyr3","type":"deco","sprite":"lyrics#66"},{"angle":0,"time":136,"type":"deco","id":"lyr5","sprite":"lyrics#68"},{"angle":11.25,"time":136,"id":"lyr6","type":"deco","sprite":"lyrics#69"},{"angle":22.5,"time":136,"id":"lyr7","type":"deco","sprite":"lyrics#70"},{"angle":33.75,"time":136,"id":"lyr8","type":"deco","sprite":"lyrics#71"},{"angle":45,"time":136,"id":"lyr9","type":"deco","sprite":"lyrics#34"},{"angle":135,"time":128,"type":"deco","id":"lyr4","sprite":"lyrics#67"},{"angle":78.75,"time":143.83332824707,"angleOffset":false,"order":-1,"type":"tag","tag":"resetLyrics"},{"angle":90,"time":144,"type":"deco","id":"lyr0","sprite":"lyrics#72"},{"angle":101.25,"time":144,"id":"lyr1","type":"deco","sprite":"lyrics#73"},{"angle":112.5,"time":144,"type":"deco","id":"lyr2","sprite":"lyrics#74"},{"angle":123.75,"time":144,"id":"lyr3","type":"deco","sprite":"lyrics#75"},{"angle":135,"time":144,"id":"lyr4","type":"deco","sprite":"lyrics#76"},{"angle":146.25,"time":144,"id":"lyr5","type":"deco","sprite":"lyrics#34"},{"angle":0,"time":152,"type":"deco","id":"lyr7","sprite":"lyrics#77"},{"angle":11.25,"time":152,"type":"deco","id":"lyr8","sprite":"lyrics#78"},{"angle":22.5,"time":152,"id":"lyr9","type":"deco","sprite":"lyrics#27"},{"angle":33.75,"time":152,"type":"deco","id":"lyr10","sprite":"lyrics#79"},{"angle":45,"time":152,"id":"lyr11","type":"deco","sprite":"lyrics#80"},{"angle":11.25,"time":159.875,"angleOffset":false,"type":"tag","tag":"resetLyrics"},{"angle":191.25,"time":192,"id":"lyr0","type":"deco","sprite":"lyrics#117"},{"angle":202.5,"time":192,"id":"lyr1","type":"deco","sprite":"lyrics#81"},{"angle":191.25,"time":194,"id":"lyr2","type":"deco","sprite":"lyrics#117"},{"angle":202.5,"time":194,"type":"deco","id":"lyr3","sprite":"lyrics#81"},{"angle":191.25,"time":196,"type":"deco","id":"lyr4","sprite":"lyrics#117"},{"angle":202.5,"time":196,"type":"deco","id":"lyr5","sprite":"lyrics#81"},{"angle":191.25,"time":198,"type":"deco","id":"lyr6","sprite":"lyrics#117"},{"angle":202.5,"time":198,"type":"deco","id":"lyr7","sprite":"lyrics#81"},{"angle":191.25,"time":200,"id":"lyr0","type":"deco","sprite":"lyrics#117"},{"angle":202.5,"time":200,"id":"lyr1","type":"deco","sprite":"lyrics#81"},{"angle":191.25,"time":202,"id":"lyr2","type":"deco","sprite":"lyrics#117"},{"angle":202.5,"time":202,"type":"deco","id":"lyr3","sprite":"lyrics#81"},{"angle":191.25,"time":204,"type":"deco","id":"lyr4","sprite":"lyrics#117"},{"angle":202.5,"time":204,"type":"deco","id":"lyr5","sprite":"lyrics#81"},{"angle":191.25,"time":206,"type":"deco","id":"lyr6","sprite":"lyrics#117"},{"angle":202.5,"time":206,"type":"deco","id":"lyr7","sprite":"lyrics#81"},{"angle":191.25,"time":208,"id":"lyr0","type":"deco","sprite":"lyrics#117"},{"angle":202.5,"time":208,"id":"lyr1","type":"deco","sprite":"lyrics#81"},{"angle":191.25,"time":210,"id":"lyr2","type":"deco","sprite":"lyrics#117"},{"angle":202.5,"time":210,"type":"deco","id":"lyr3","sprite":"lyrics#81"},{"angle":191.25,"time":212,"type":"deco","id":"lyr4","sprite":"lyrics#117"},{"angle":202.5,"time":212,"type":"deco","id":"lyr5","sprite":"lyrics#81"},{"angle":191.25,"time":214,"id":"lyr6","type":"deco","sprite":"lyrics#117"},{"angle":202.5,"time":214,"type":"deco","id":"lyr7","sprite":"lyrics#81"},{"angle":180,"time":199.83332824707,"angleOffset":false,"order":-1,"type":"tag","tag":"resetLyrics"},{"angle":180,"time":207.83332824707,"angleOffset":false,"order":-1,"type":"tag","tag":"resetLyrics"},{"angle":180,"time":215.83332824707,"angleOffset":false,"order":-1,"type":"tag","tag":"resetLyrics"},{"angle":168.75,"time":192,"duration":8,"var":"vfx.canvPos.sx","type":"ease","value":1.1000000238419},{"angle":168.75,"time":200,"duration":8,"var":"vfx.canvPos.sx","type":"ease","value":1.2000000476837},{"angle":157.5,"time":192,"duration":8,"var":"vfx.canvPos.sy","type":"ease","value":1.1000000238419},{"angle":157.5,"time":200,"duration":8,"var":"vfx.canvPos.sy","type":"ease","value":1.2000000476837},{"angle":168.75,"time":215.5,"ease":"outExpo","var":"vfx.canvPos.sx","type":"ease","duration":1,"value":1},{"angle":157.5,"time":215.5,"ease":"outBack","var":"vfx.canvPos.sy","type":"ease","duration":1,"value":1},{"angle":168.75,"time":208,"duration":8,"var":"vfx.canvPos.sx","type":"ease","value":1.2999999523163},{"angle":157.5,"time":208,"duration":8,"var":"vfx.canvPos.sy","type":"ease","value":1.2999999523163},{"angle":191.25,"time":216,"id":"lyr0","type":"deco","sprite":"lyrics#82"},{"angle":202.5,"time":216,"id":"lyr1","type":"deco","sprite":"lyrics#83"},{"angle":191.25,"time":217,"id":"lyr2","type":"deco","sprite":"lyrics#84"},{"angle":202.5,"time":217,"id":"lyr3","type":"deco","sprite":"lyrics#85"},{"angle":191.25,"time":218,"id":"lyr4","type":"deco","sprite":"lyrics#86"},{"angle":202.5,"time":218,"id":"lyr5","type":"deco","sprite":"lyrics#87"},{"angle":180,"time":219,"id":"lyr6","type":"deco","sprite":"lyrics#88"},{"angle":191.25,"time":219,"id":"lyr7","type":"deco","sprite":"lyrics#89"},{"angle":191.25,"time":220,"id":"lyr8","type":"deco","sprite":"lyrics#90"},{"angle":202.5,"time":220,"id":"lyr9","type":"deco","sprite":"lyrics#91"},{"angle":191.25,"time":221,"type":"deco","id":"lyr10","sprite":"lyrics#92"},{"angle":202.5,"time":221,"type":"deco","id":"lyr11","sprite":"lyrics#93"},{"angle":191.25,"time":222,"id":"lyr12","type":"deco","sprite":"lyrics#117"},{"angle":202.5,"time":222,"id":"lyr13","type":"deco","sprite":"lyrics#81"},{"angle":157.5,"time":223.875,"angleOffset":false,"order":-1,"type":"tag","tag":"resetLyrics"},{"angle":0,"time":224,"id":"lyr0","type":"deco","sprite":"lyrics#63"},{"angle":11.25,"time":224,"id":"lyr1","type":"deco","sprite":"lyrics#94"},{"angle":22.5,"time":224,"id":"lyr2","type":"deco","sprite":"lyrics#117"},{"angle":33.75,"time":224,"id":"lyr3","type":"deco","sprite":"lyrics#95"},{"angle":180,"time":232,"id":"lyr4","type":"deco","sprite":"lyrics#68"},{"angle":191.25,"time":232,"id":"lyr5","type":"deco","sprite":"lyrics#69"},{"angle":202.5,"time":232,"id":"lyr6","type":"deco","sprite":"lyrics#75"},{"angle":213.75,"time":232,"id":"lyr7","type":"deco","sprite":"lyrics#96"},{"angle":225,"time":232,"id":"lyr8","type":"deco","sprite":"lyrics#34"},{"angle":191.25,"time":239.875,"angleOffset":false,"order":-1,"type":"tag","tag":"resetLyrics"},{"angle":0,"time":240,"type":"deco","id":"lyr0","sprite":"lyrics#97"},{"angle":11.25,"time":240,"type":"deco","id":"lyr1","sprite":"lyrics#98"},{"angle":22.5,"time":240,"type":"deco","id":"lyr2","sprite":"lyrics#74"},{"angle":33.75,"time":240,"id":"lyr3","type":"deco","sprite":"lyrics#75"},{"angle":45,"time":240,"id":"lyr4","type":"deco","sprite":"lyrics#118"},{"angle":56.25,"time":240,"id":"lyr5","type":"deco","sprite":"lyrics#34"},{"angle":180,"time":248,"id":"lyr7","type":"deco","sprite":"lyrics#77"},{"angle":191.25,"time":248,"id":"lyr8","type":"deco","sprite":"lyrics#99"},{"angle":202.5,"time":248,"id":"lyr9","type":"deco","sprite":"lyrics#100"},{"angle":22.5,"time":255.875,"angleOffset":false,"order":-1,"type":"tag","tag":"resetLyrics"},{"angle":180,"time":256,"type":"deco","id":"lyr0","sprite":"lyrics#101"},{"angle":191.25,"time":256,"type":"deco","id":"lyr1","sprite":"lyrics#102"},{"angle":202.5,"time":256,"type":"deco","id":"lyr2","sprite":"lyrics#103"},{"angle":213.75,"time":256,"id":"lyr3","type":"deco","sprite":"lyrics#104"},{"angle":0,"time":264,"type":"deco","id":"lyr4","sprite":"lyrics#105"},{"angle":11.25,"time":264,"type":"deco","id":"lyr5","sprite":"lyrics#106"},{"angle":22.5,"time":264,"type":"deco","id":"lyr6","sprite":"lyrics#103"},{"angle":33.75,"time":264,"type":"deco","id":"lyr7","sprite":"lyrics#107"},{"angle":180,"time":272,"type":"deco","id":"lyr8","sprite":"lyrics#108"},{"angle":191.25,"time":272,"type":"deco","id":"lyr9","sprite":"lyrics#109"},{"angle":202.5,"time":272,"type":"deco","id":"lyr10","sprite":"lyrics#103"},{"angle":213.75,"time":272,"type":"deco","id":"lyr11","sprite":"lyrics#110"},{"angle":0,"time":280,"type":"deco","id":"lyr12","sprite":"lyrics#111"},{"angle":11.25,"time":280,"type":"deco","id":"lyr13","sprite":"lyrics#112"},{"angle":22.5,"time":280,"type":"deco","id":"lyr14","sprite":"lyrics#103"},{"angle":33.75,"time":280,"type":"deco","id":"lyr15","sprite":"lyrics#113"},{"angle":168.75,"time":288,"angleOffset":false,"type":"tag","tag":"resetLyrics"},{"angle":0,"time":318,"type":"deco","id":"lyr0","sprite":"lyrics#117"},{"angle":11.25,"time":318,"type":"deco","id":"lyr1","sprite":"lyrics#114"},{"angle":22.5,"time":318,"type":"deco","id":"lyr2","sprite":"lyrics#119"},{"angle":33.75,"time":318,"type":"deco","id":"lyr3","sprite":"lyrics#115"},{"angle":360,"time":32,"enable":true,"type":"hom"},{"duration":32,"time":32,"angle":11.25,"var":"vfx.bgNoise","type":"ease","ease":"inCirc","value":0.25},{"angle":315,"time":62,"ease":"outExpo","var":"vfx.bgNoise","type":"ease","duration":2,"value":0},{"angle":315,"time":63,"enable":false,"type":"hom"},{"angle":360,"time":115.5,"ease":"outExpo","var":"p.x","type":"ease","duration":1,"value":280},{"angle":360,"time":117.5,"ease":"outExpo","var":"p.x","type":"ease","duration":2,"value":320},{"angle":180,"time":119,"ease":"outExpo","var":"p.x","type":"ease","duration":1,"value":300},{"angle":22.5,"time":128,"angleOffset":false,"type":"tag","tag":"pulse"},{"angle":191.25,"time":136,"angleOffset":false,"type":"tag","tag":"pulse"},{"angle":348.75,"time":144,"angleOffset":false,"type":"tag","tag":"pulse"},{"angle":225,"time":152,"angleOffset":false,"type":"tag","tag":"pulse"},{"angle":135,"time":224,"angleOffset":false,"type":"tag","tag":"pulse"},{"angle":45,"time":232,"angleOffset":false,"type":"tag","tag":"pulse"},{"angle":123.75,"time":240,"angleOffset":false,"type":"tag","tag":"pulse"},{"angle":45,"time":248,"angleOffset":false,"type":"tag","tag":"pulse"},{"angle":45,"time":256,"angleOffset":false,"type":"tag","tag":"pulse"},{"angle":123.75,"time":264,"angleOffset":false,"type":"tag","tag":"pulse"},{"angle":45,"time":272,"angleOffset":false,"type":"tag","tag":"pulse"},{"angle":135,"time":280,"angleOffset":false,"type":"tag","tag":"pulse"}],"properties":{"speed":100,"formatversion":12,"loadBeat":-4,"startBeat":0,"offset":48},"metadata":{"charter":"Mysthaps","difficulty":6.17,"bgData":{"cyanChannel":{"r":255,"g":255,"b":255},"redChannel":{"r":255,"g":123,"b":114},"image":"songselectbg.png","blueChannel":{"r":0,"g":0,"b":255},"greenChannel":{"r":255,"g":255,"b":255},"yellowChannel":{"r":139,"g":148,"b":158},"magentaChannel":{"r":210,"g":168,"b":255}},"description":"chart.hasSide(true);\nchart.hasMine(true);\nchart.hasInverse(false);","bg":true,"artistLink":"https://www.youtube.com/channel/UCVh47EKH9VLresRqiYi9txw","songName":"world.execute(me);","artist":"Mili"}}