{"events":[{"angle":180,"time":0,"bpm":130,"file":"world.execute(me);.ogg","type":"play","volume":0.59999996423721,"offset":0.12999999523163},{"description":"----","type":"bookmark","angle":168.75,"time":32,"r":0,"g":0,"name":"SIMULATION","b":0},{"description":"","type":"bookmark","angle":90,"time":1,"r":0,"g":0,"name":"SWITCH ON THE POWERLINE","b":0},{"description":"THEN I WILL GIVE YOU MY DIMENSION","type":"bookmark","angle":180,"time":64,"r":0,"g":0,"name":"IF I'M A SET OF POINTS","b":0},{"description":"TO AC, TO DC","type":"bookmark","angle":180,"time":96,"r":0,"g":0,"name":"SWITCH MY CURRENT","b":0},{"description":"GIVE YOU ALL THE STIMULATIONS","type":"bookmark","angle":348.75,"time":128,"r":0,"g":0,"name":"IF I CAN, IF I CAN","b":0},{"description":"","type":"bookmark","angle":0,"time":160,"r":0,"g":0,"name":"break;","b":0},{"description":"EXECUTION EXECUTION","type":"bookmark","angle":180,"time":192,"r":0,"g":0,"name":"EXECUTION EXECUTION","b":0},{"description":"FEEL YOUR VIBRATIONS","type":"bookmark","angle":191.25,"time":224,"r":0,"g":0,"name":"IF I CAN, IF I CAN","b":0},{"description":"HOW TO PROPERLY LO-O-O-OVE","type":"bookmark","angle":348.75,"time":256,"r":0,"g":0,"name":"I'VE STUDIED, I'VE STUDIED","b":0},{"description":"","type":"bookmark","angle":180,"time":288,"r":0,"g":0,"name":"return true;","b":0},{"angle":0,"type":"showResults","time":321},{"angle":90,"time":-4,"color":0,"r":0,"type":"setColor","g":0,"b":0},{"angle":101.25,"time":-4,"color":1,"g":255,"type":"setColor","r":255,"b":255},{"angle":112.5,"time":-4,"color":2,"g":123,"type":"setColor","r":255,"b":114},{"angle":123.75,"time":-4,"color":4,"g":214,"type":"setColor","r":165,"b":255},{"angle":135,"time":-4,"color":5,"r":139,"type":"setColor","g":148,"b":158},{"angle":146.25,"time":-4,"color":6,"g":168,"type":"setColor","r":210,"b":255},{"angle":157.5,"time":-4,"color":7,"r":121,"type":"setColor","g":192,"b":255},{"angle":360,"time":32,"enable":true,"type":"hom"},{"duration":32,"ease":"inCirc","type":"ease","value":0.25,"angle":11.25,"time":32,"var":"vfx.bgNoise"},{"angle":315,"time":62,"ease":"outExpo","var":"vfx.bgNoise","type":"ease","duration":2,"value":0},{"angle":315,"time":63,"enable":false,"type":"hom"},{"angle":360,"time":115.5,"ease":"outExpo","var":"p.x","type":"ease","duration":1,"value":280},{"angle":360,"time":117.5,"ease":"outExpo","var":"p.x","type":"ease","duration":2,"value":320},{"angle":180,"time":119,"ease":"outExpo","var":"p.x","type":"ease","duration":1,"value":300},{"angle":22.5,"time":128,"var":"vfx.canvPos.sx","type":"ease","duration":0,"value":1.0499999523163},{"angle":33.75,"time":128,"duration":0,"var":"vfx.canvPos.sy","type":"ease","value":1.0499999523163},{"angle":33.75,"time":128.0625,"duration":0.25,"var":"vfx.canvPos.sy","type":"ease","value":1},{"angle":22.5,"time":128.0625,"var":"vfx.canvPos.sx","type":"ease","duration":0.25,"value":1}],"properties":{"speed":100,"formatversion":12,"loadBeat":-4,"startBeat":0,"offset":48},"metadata":{"charter":"Mysthaps","difficulty":6.17,"description":"chart.hasSide(true);\nchart.hasMine(true);\nchart.hasInverse(false);","bg":false,"artistLink":"https://www.youtube.com/channel/UCVh47EKH9VLresRqiYi9txw","songName":"world.execute(me);","artist":"Mili"}}