[{"time":2,"angle":157.5,"type":"block"},{"time":3,"angle":202.5,"type":"block"},{"time":1,"angle":202.5,"type":"block"},{"time":4,"angle":146.25,"type":"block"},{"time":4.5,"angle":168.75,"type":"block"},{"time":5,"angle":180,"type":"block"},{"time":6,"angle":213.75,"type":"block"},{"time":7,"angle":146.25,"type":"block"},{"time":8,"angle":213.75,"type":"block"},{"time":8.5,"angle":191.25,"type":"block"},{"time":9,"angle":180,"type":"block"},{"time":10,"angle":146.25,"type":"block"},{"time":11,"angle":202.5,"type":"block"},{"time":12,"angle":157.5,"type":"block"},{"time":12.5,"angle":168.75,"type":"block"},{"time":13,"angle":180,"type":"block"},{"time":14,"angle":202.5,"type":"block"},{"time":15,"angle":123.75,"type":"block"},{"time":16,"angle":157.5,"type":"block"},{"time":16.5,"angle":123.75,"type":"block"},{"time":17,"angle":101.25,"type":"block"},{"time":19,"angle":360,"type":"block"},{"time":18,"angle":45,"type":"block"},{"time":21,"angle":270,"type":"block"},{"time":20,"angle":315,"type":"block"},{"time":20.5,"angle":292.5,"type":"block"},{"time":22,"angle":247.5,"type":"block"},{"time":23,"angle":202.5,"type":"block"},{"time":24,"angle":112.5,"type":"block"},{"time":24.5,"angle":56.25,"type":"block"},{"time":25,"angle":22.5,"type":"block"},{"time":26,"angle":247.5,"type":"block"},{"time":27,"angle":213.75,"type":"block"},{"time":28,"angle":180,"type":"block"},{"time":28.5,"angle":168.75,"type":"block"},{"time":29,"angle":146.25,"type":"block"},{"time":30,"angle":112.5,"type":"block"},{"time":31,"angle":247.5,"type":"block"},{"time":32.75,"angle":191.25,"type":"block"},{"time":33,"angle":168.75,"type":"block"},{"time":33.5,"angle":157.5,"type":"block"},{"time":35,"angle":123.75,"type":"block"},{"time":35.5,"angle":78.75,"type":"block"},{"time":35.25,"angle":101.25,"type":"block"},{"time":34,"angle":146.25,"type":"block"},{"time":35.75,"angle":56.25,"type":"block"},{"time":36,"angle":45,"type":"block"},{"time":34.75,"angle":135,"type":"block"},{"time":36.75,"angle":22.5,"type":"block"},{"time":37,"angle":11.25,"type":"block"},{"time":36.5,"angle":33.75,"type":"block"},{"time":37.5,"angle":360,"type":"block"},{"time":38,"angle":348.75,"type":"block"},{"time":38.5,"angle":337.5,"type":"block"},{"time":39,"angle":315,"type":"block"},{"time":39.5,"angle":281.25,"type":"block"},{"time":40,"angle":258.75,"type":"block"},{"time":40.75,"angle":202.5,"type":"block"},{"time":41,"angle":180,"type":"block"},{"time":40.5,"angle":225,"type":"block"},{"time":41.5,"angle":146.25,"type":"block"},{"time":42,"angle":112.5,"type":"block"},{"time":42.75,"angle":78.75,"type":"block"},{"time":43,"angle":45,"type":"block"},{"time":43.5,"angle":11.25,"type":"block"},{"time":44,"angle":337.5,"type":"block"},{"time":44.75,"angle":360,"type":"block"},{"time":44.5,"angle":337.5,"type":"block"},{"time":45,"angle":11.25,"type":"block"},{"time":45.25,"angle":22.5,"type":"block"},{"time":45.5,"angle":33.75,"type":"block"},{"time":45.75,"angle":45,"type":"block"},{"time":46,"angle":67.5,"type":"block"},{"time":46.5,"angle":135,"type":"block"},{"time":47,"angle":168.75,"type":"block"},{"time":47.5,"angle":202.5,"type":"block"},{"time":48,"angle":236.25,"type":"block"},{"time":48.5,"angle":258.75,"type":"block"},{"time":48.75,"angle":270,"type":"block"},{"time":49,"angle":281.25,"type":"block"},{"time":49.5,"angle":326.25,"type":"block"},{"time":50,"angle":360,"type":"block"},{"time":50.5,"angle":78.75,"type":"block"},{"time":51,"angle":135,"type":"block"},{"time":51.5,"angle":157.5,"type":"block"},{"time":53,"angle":225,"type":"block"},{"time":51.75,"angle":168.75,"type":"block"},{"time":52.25,"angle":191.25,"type":"block"},{"time":52.75,"angle":213.75,"type":"block"},{"time":53.25,"angle":191.25,"type":"block"},{"time":53.5,"angle":213.75,"type":"block"},{"time":53.75,"angle":191.25,"type":"block"},{"time":54,"angle":213.75,"type":"block"},{"time":54.25,"angle":191.25,"type":"block"},{"time":54.5,"angle":213.75,"type":"block"},{"time":54.75,"angle":191.25,"type":"block"},{"time":55,"angle":213.75,"type":"block"},{"time":56,"angle":135,"type":"block"},{"time":55.25,"angle":191.25,"type":"block"},{"time":55.75,"angle":135,"type":"block"},{"time":57,"angle":180,"type":"block"},{"time":56.75,"angle":168.75,"type":"block"},{"time":57.5,"angle":202.5,"type":"block"},{"time":58,"angle":225,"type":"block"},{"time":58.5,"angle":270,"type":"block"},{"time":59,"angle":315,"type":"block"},{"time":60.75,"angle":146.25,"type":"block"},{"time":59.5,"angle":360,"type":"block"},{"time":60,"angle":56.25,"type":"block"},{"time":60.5,"angle":123.75,"type":"block"},{"time":61,"angle":123.75,"type":"block"},{"time":61.25,"angle":157.5,"type":"block"},{"time":61.5,"angle":123.75,"type":"block"},{"time":61.75,"angle":157.5,"type":"block"},{"time":62,"angle":123.75,"type":"block"},{"time":62.5,"angle":123.75,"type":"block"},{"time":62.25,"angle":157.5,"type":"block"},{"time":62.75,"angle":157.5,"type":"block"},{"time":63,"angle":123.75,"type":"block"},{"time":63.25,"angle":157.5,"type":"block"},{"time":64,"angle":191.25,"type":"block"},{"time":63.75,"angle":180,"type":"block"},{"time":64.75,"angle":191.25,"type":"block"},{"time":65,"angle":180,"type":"block"},{"time":65.5,"angle":135,"type":"block"},{"time":67,"angle":101.25,"type":"block"},{"time":67.5,"angle":101.25,"type":"block"},{"time":67.25,"angle":78.75,"type":"block"},{"time":66,"angle":101.25,"type":"block"},{"time":67.75,"angle":78.75,"type":"block"},{"time":68,"angle":101.25,"type":"block"},{"time":66.75,"angle":78.75,"type":"block"},{"time":68.75,"angle":22.5,"type":"block"},{"time":69,"angle":11.25,"type":"block"},{"time":68.5,"angle":45,"type":"block"},{"time":69.5,"angle":348.75,"type":"block"},{"time":70,"angle":303.75,"type":"block"},{"time":70.5,"angle":258.75,"type":"block"},{"time":71,"angle":213.75,"type":"block"},{"time":71.5,"angle":180,"type":"block"},{"time":72,"angle":157.5,"type":"block"},{"time":72.75,"angle":157.5,"type":"block"},{"time":73,"angle":135,"type":"block"},{"time":72.5,"angle":135,"type":"block"},{"time":73.5,"angle":157.5,"type":"block"},{"time":74,"angle":180,"type":"block"},{"time":74.75,"angle":202.5,"type":"block"},{"time":75,"angle":213.75,"type":"block"},{"time":75.5,"angle":236.25,"type":"block"},{"time":76,"angle":258.75,"type":"block"},{"time":76.75,"angle":348.75,"type":"block"},{"time":76.5,"angle":303.75,"type":"block"},{"time":77,"angle":303.75,"type":"block"},{"time":77.25,"angle":348.75,"type":"block"},{"time":77.5,"angle":303.75,"type":"block"},{"time":77.75,"angle":348.75,"type":"block"},{"time":78,"angle":303.75,"type":"block"},{"time":78.5,"angle":348.75,"type":"block"},{"time":79,"angle":22.5,"type":"block"},{"time":79.5,"angle":180,"type":"block"},{"time":80,"angle":213.75,"type":"block"},{"time":80.5,"angle":202.5,"type":"block"},{"time":80.75,"angle":180,"type":"block"},{"time":81,"angle":168.75,"type":"block"},{"time":81.5,"angle":180,"type":"block"},{"time":82,"angle":360,"type":"block"},{"time":82.5,"angle":180,"type":"block"},{"time":83,"angle":90,"type":"block"},{"time":83.75,"angle":247.5,"type":"block"},{"time":84,"angle":281.25,"type":"block"},{"time":85,"angle":157.5,"type":"block"},{"time":83.5,"angle":270,"type":"block"},{"time":84.5,"angle":213.75,"type":"block"},{"time":84.75,"angle":180,"type":"block"},{"time":85.25,"angle":180,"type":"block"},{"time":85.5,"angle":202.5,"type":"block"},{"time":85.75,"angle":180,"type":"block"},{"time":86,"angle":157.5,"type":"block"},{"time":86.25,"angle":180,"type":"block"},{"time":86.5,"angle":202.5,"type":"block"},{"time":86.75,"angle":180,"type":"block"},{"time":87,"angle":157.5,"type":"block"},{"time":88,"angle":180,"type":"block"},{"time":87.25,"angle":180,"type":"block"},{"time":87.75,"angle":202.5,"type":"block"},{"time":89,"angle":180,"type":"block"},{"time":88.75,"angle":168.75,"type":"block"},{"time":89.5,"angle":202.5,"type":"block"},{"time":90,"angle":236.25,"type":"block"},{"time":90.5,"angle":225,"type":"block"},{"time":91,"angle":191.25,"type":"block"},{"time":92.75,"angle":157.5,"type":"block"},{"time":91.5,"angle":168.75,"type":"block"},{"time":92,"angle":135,"type":"block"},{"time":92.5,"angle":191.25,"type":"block"},{"time":93,"angle":202.5,"type":"block"},{"time":93.25,"angle":157.5,"type":"block"},{"time":93.5,"angle":202.5,"type":"block"},{"time":93.75,"angle":157.5,"type":"block"},{"time":94,"angle":202.5,"type":"block"},{"time":94.5,"angle":202.5,"type":"block"},{"time":94.25,"angle":157.5,"type":"block"},{"time":94.75,"angle":157.5,"type":"block"},{"time":95,"angle":202.5,"type":"block"},{"time":95.25,"angle":157.5,"type":"block"},{"time":96,"angle":180,"type":"block"},{"time":95.75,"angle":180,"type":"block"},{"time":99,"angle":180,"type":"block"},{"time":99.5,"angle":180,"type":"block"},{"time":99.25,"angle":180,"type":"block"},{"time":98,"angle":180,"type":"block"},{"time":99.75,"angle":180,"type":"block"},{"time":100,"angle":180,"type":"block"},{"time":98.75,"angle":180,"type":"block"},{"time":100.75,"angle":180,"type":"block"},{"time":101,"angle":180,"type":"block"},{"time":100.5,"angle":180,"type":"block"},{"time":101.5,"angle":180,"type":"block"},{"time":102,"angle":180,"type":"block"},{"time":102.5,"angle":180,"type":"block"},{"time":103,"angle":180,"type":"block"},{"time":103.5,"angle":180,"type":"block"},{"time":104,"angle":180,"type":"block"},{"time":104.75,"angle":180,"type":"block"},{"time":105,"angle":180,"type":"block"},{"time":105.5,"angle":180,"type":"block"},{"time":106,"angle":180,"type":"block"},{"time":106.75,"angle":180,"type":"block"},{"time":107,"angle":180,"type":"block"},{"time":107.5,"angle":180,"type":"block"},{"time":108,"angle":180,"type":"block"},{"time":108.75,"angle":180,"type":"block"},{"time":108.5,"angle":180,"type":"block"},{"time":109,"angle":180,"type":"block"},{"time":109.25,"angle":180,"type":"block"},{"time":109.5,"angle":180,"type":"block"},{"time":109.75,"angle":180,"type":"block"},{"time":110,"angle":180,"type":"block"},{"time":110.5,"angle":180,"type":"block"},{"time":111,"angle":180,"type":"block"},{"time":111.5,"angle":180,"type":"block"},{"time":112,"angle":180,"type":"block"},{"time":112.5,"angle":180,"type":"block"},{"time":112.75,"angle":180,"type":"block"},{"time":113,"angle":180,"type":"block"},{"time":113.5,"angle":180,"type":"block"},{"time":114,"angle":180,"type":"block"},{"time":114.5,"angle":180,"type":"block"},{"time":115,"angle":180,"type":"block"},{"time":115.75,"angle":180,"type":"block"},{"time":116,"angle":180,"type":"block"},{"time":117,"angle":180,"type":"block"},{"time":115.5,"angle":180,"type":"block"},{"time":116.5,"angle":180,"type":"block"},{"time":116.75,"angle":180,"type":"block"},{"time":117.25,"angle":180,"type":"block"},{"time":117.5,"angle":180,"type":"block"},{"time":117.75,"angle":180,"type":"block"},{"time":118,"angle":180,"type":"block"},{"time":118.25,"angle":180,"type":"block"},{"time":118.5,"angle":180,"type":"block"},{"time":118.75,"angle":180,"type":"block"},{"time":119,"angle":180,"type":"block"},{"time":120,"angle":180,"type":"block"},{"time":119.25,"angle":180,"type":"block"},{"time":119.75,"angle":180,"type":"block"},{"time":121,"angle":180,"type":"block"},{"time":120.75,"angle":180,"type":"block"},{"time":121.5,"angle":180,"type":"block"},{"time":122,"angle":180,"type":"block"},{"time":122.5,"angle":180,"type":"block"},{"time":123,"angle":180,"type":"block"},{"time":124.75,"angle":180,"type":"block"},{"time":123.5,"angle":180,"type":"block"},{"time":124,"angle":180,"type":"block"},{"time":124.5,"angle":180,"type":"block"},{"time":125,"angle":180,"type":"block"},{"time":125.25,"angle":180,"type":"block"},{"time":125.5,"angle":180,"type":"block"},{"time":125.75,"angle":180,"type":"block"},{"time":126,"angle":180,"type":"block"},{"time":126.5,"angle":180,"type":"block"},{"time":126.25,"angle":180,"type":"block"},{"time":126.75,"angle":180,"type":"block"},{"time":127,"angle":180,"type":"block"},{"time":127.25,"angle":180,"type":"block"},{"time":128,"angle":180,"type":"block"},{"time":127.75,"angle":180,"type":"block"},{"time":103.25,"angle":180,"type":"block"},{"time":111.75,"angle":180,"type":"block"},{"time":120.25,"angle":180,"type":"block"},{"time":123.75,"angle":180,"type":"block"},{"time":128.75,"angle":180,"type":"block"},{"time":129,"angle":180,"type":"block"},{"time":129.5,"angle":180,"type":"block"},{"time":131,"angle":180,"type":"block"},{"time":131.5,"angle":180,"type":"block"},{"time":131.25,"angle":180,"type":"block"},{"time":130,"angle":180,"type":"block"},{"time":131.75,"angle":180,"type":"block"},{"time":132,"angle":180,"type":"block"},{"time":130.75,"angle":180,"type":"block"},{"time":132.75,"angle":180,"type":"block"},{"time":133,"angle":180,"type":"block"},{"time":132.5,"angle":180,"type":"block"},{"time":133.5,"angle":180,"type":"block"},{"time":134,"angle":180,"type":"block"},{"time":134.5,"angle":180,"type":"block"},{"time":135,"angle":180,"type":"block"},{"time":135.5,"angle":180,"type":"block"},{"time":136,"angle":180,"type":"block"},{"time":136.75,"angle":180,"type":"block"},{"time":137,"angle":180,"type":"block"},{"time":137.5,"angle":180,"type":"block"},{"time":138,"angle":180,"type":"block"},{"time":138.75,"angle":180,"type":"block"},{"time":139,"angle":180,"type":"block"},{"time":139.5,"angle":180,"type":"block"},{"time":140,"angle":180,"type":"block"},{"time":140.75,"angle":180,"type":"block"},{"time":140.5,"angle":180,"type":"block"},{"time":141,"angle":180,"type":"block"},{"time":141.25,"angle":180,"type":"block"},{"time":141.5,"angle":180,"type":"block"},{"time":141.75,"angle":180,"type":"block"},{"time":142,"angle":180,"type":"block"},{"time":142.5,"angle":180,"type":"block"},{"time":143,"angle":180,"type":"block"},{"time":143.5,"angle":180,"type":"block"},{"time":144,"angle":180,"type":"block"},{"time":144.5,"angle":180,"type":"block"},{"time":144.75,"angle":180,"type":"block"},{"time":145,"angle":180,"type":"block"},{"time":145.5,"angle":180,"type":"block"},{"time":146,"angle":180,"type":"block"},{"time":146.5,"angle":180,"type":"block"},{"time":147,"angle":180,"type":"block"},{"time":147.75,"angle":180,"type":"block"},{"time":148,"angle":180,"type":"block"},{"time":149,"angle":180,"type":"block"},{"time":147.5,"angle":180,"type":"block"},{"time":148.5,"angle":180,"type":"block"},{"time":148.75,"angle":180,"type":"block"},{"time":149.25,"angle":180,"type":"block"},{"time":149.5,"angle":180,"type":"block"},{"time":149.75,"angle":180,"type":"block"},{"time":150,"angle":180,"type":"block"},{"time":150.25,"angle":180,"type":"block"},{"time":150.5,"angle":180,"type":"block"},{"time":150.75,"angle":180,"type":"block"},{"time":151,"angle":180,"type":"block"},{"time":152,"angle":180,"type":"block"},{"time":151.25,"angle":180,"type":"block"},{"time":151.75,"angle":180,"type":"block"},{"time":153,"angle":180,"type":"block"},{"time":152.75,"angle":180,"type":"block"},{"time":153.5,"angle":180,"type":"block"},{"time":154,"angle":180,"type":"block"},{"time":154.5,"angle":180,"type":"block"},{"time":155,"angle":180,"type":"block"},{"time":156.75,"angle":180,"type":"block"},{"time":155.5,"angle":180,"type":"block"},{"time":156,"angle":180,"type":"block"},{"time":156.5,"angle":180,"type":"block"},{"time":157,"angle":180,"type":"block"},{"time":157.25,"angle":180,"type":"block"},{"time":157.5,"angle":180,"type":"block"},{"time":157.75,"angle":180,"type":"block"},{"time":158,"angle":180,"type":"block"},{"time":158.5,"angle":180,"type":"block"},{"time":159,"angle":180,"type":"block"},{"time":135.25,"angle":180,"type":"block"},{"time":143.75,"angle":180,"type":"block"},{"time":152.25,"angle":180,"type":"block"},{"time":155.75,"angle":180,"type":"block"},{"time":142.25,"angle":180,"type":"block"},{"time":142.75,"angle":180,"type":"block"},{"time":96.75,"angle":180,"type":"block"},{"time":97,"angle":180,"type":"block"},{"time":97.5,"angle":180,"type":"block"},{"time":1.5,"angle":180,"type":"inverse"},{"time":2.5,"angle":180,"type":"inverse"},{"time":3.5,"angle":168.75,"type":"inverse"},{"time":5.5,"angle":202.5,"type":"inverse"},{"time":6.5,"angle":168.75,"type":"inverse"},{"time":7.5,"angle":191.25,"type":"inverse"},{"time":9.5,"angle":157.5,"type":"inverse"},{"time":10.5,"angle":191.25,"type":"inverse"},{"time":11.5,"angle":168.75,"type":"inverse"},{"time":13.5,"angle":191.25,"type":"inverse"},{"time":14.5,"angle":157.5,"type":"inverse"},{"time":15.5,"angle":112.5,"type":"inverse"},{"time":16.5,"angle":123.75,"type":"inverse"},{"time":17.5,"angle":56.25,"type":"inverse"},{"time":18.5,"angle":11.25,"type":"inverse"},{"time":19.5,"angle":337.5,"type":"inverse"},{"time":20.5,"angle":292.5,"type":"inverse"},{"time":21.5,"angle":258.75,"type":"inverse"},{"time":22.5,"angle":213.75,"type":"inverse"},{"time":23.5,"angle":146.25,"type":"inverse"},{"time":24.5,"angle":56.25,"type":"inverse"},{"time":25.5,"angle":292.5,"type":"inverse"},{"time":26.5,"angle":225,"type":"inverse"},{"time":27.5,"angle":180,"type":"inverse"},{"time":28.5,"angle":168.75,"type":"inverse"},{"time":29.5,"angle":123.75,"type":"inverse"},{"time":30.5,"angle":202.5,"type":"inverse"},{"time":31,"angle":247.5,"type":"inverse"}]