{"properties":{"formatversion":12,"offset":8,"startBeat":0,"speed":162},"metadata":{"description":"Leek Spin!!!!!!!","difficulty":4,"bgData":{"cyanChannel":{"b":255,"g":255,"r":255},"yellowChannel":{"b":46,"g":230,"r":230},"redChannel":{"b":18,"g":18,"r":231},"blueChannel":{"b":229,"g":245,"r":17},"greenChannel":{"b":57,"g":226,"r":83},"image":"HatsuneLeeku.png","magentaChannel":{"b":255,"g":255,"r":255}},"artistLink":"","bg":true,"charter":"Jayce","artist":"Eino Kettunen","songName":"Levan Polka"},"events":[{"recolor":-1,"x":272,"drawLayer":"bg","time":-1.5,"sprite":"Hatsune.png","angle":180,"id":"","y":12,"type":"deco"},{"color":3,"g":255,"r":0,"angle":135,"b":255,"time":-1.5,"type":"setColor"},{"color":2,"g":134,"r":240,"angle":112.5,"b":134,"time":-1.5,"type":"setColor"},{"volume":1.6000001430511,"file":"Levan Polka.ogg","bpm":119,"angle":180,"time":-0,"type":"play"},{"color":4,"g":255,"time":-1.5,"angle":90,"type":"setColor"},{"color":5,"g":230,"r":255,"angle":67.5,"b":0,"time":-1.5,"type":"setColor"},{"time":-1.5,"duration":0,"angle":270,"paddle":1,"ease":"linear","type":"paddles"},{"angle":315,"type":"forcePlayerSprite","time":-1.5,"spriteName":"Leek.png"},{"value":40,"angle":337.5,"var":"p.lookRadius","time":-1.5,"type":"ease"},{"value":0.49999982118607,"angle":0,"var":"p.drawScale","time":-1.5,"type":"ease"},{"value":0,"angle":22.5,"var":"p.paddleDistance","time":-1.5,"type":"ease"}]}