[{"type":"inverse","angle":360,"time":16},{"type":"inverse","angle":67.5,"time":15.25},{"type":"inverse","angle":405,"time":15.5},{"type":"inverse","angle":382.5,"time":15.75},{"type":"inverse","angle":90,"time":15},{"type":"inverse","angle":135,"time":14},{"type":"inverse","angle":112.5,"time":14.5},{"type":"inverse","angle":225,"time":12},{"type":"inverse","angle":202.5,"time":12.5},{"type":"inverse","angle":180,"time":13},{"type":"inverse","angle":157.5,"time":13.5},{"type":"block","angle":360,"time":0},{"type":"block","angle":300,"time":0.5},{"type":"block","angle":240,"time":1},{"type":"hold","angle2":360,"angle":270,"time":1.5,"duration":0.5},{"type":"block","angle":225,"time":12},{"type":"block","angle":180,"time":13},{"type":"block","angle":135,"time":14},{"type":"hold","angle2":0,"angle":0,"time":16,"duration":2},{"type":"hold","angle2":240,"angle":240,"time":16,"duration":2},{"type":"hold","angle2":120,"angle":120,"time":16,"duration":2},{"type":"block","angle":60,"time":2.5},{"type":"hold","angle2":240,"angle":240,"time":19,"startTap":true,"endTap":true,"duration":1},{"type":"hold","angle2":90,"angle":240,"time":20,"duration":2},{"type":"hold","angle2":360,"angle":360,"time":19,"startTap":true,"endTap":true,"duration":1},{"type":"hold","angle2":210,"angle":360,"time":20,"duration":2},{"type":"hold","angle2":480,"angle":480,"time":19,"startTap":true,"endTap":true,"duration":1},{"type":"hold","angle2":330,"angle":480,"time":20,"duration":2},{"type":"block","angle":0,"time":2},{"type":"block","angle":90,"time":3},{"type":"hold","angle2":0,"angle":60,"time":3.5,"duration":0.5},{"type":"block","angle":360,"time":4},{"type":"block","angle":300,"time":4.5},{"type":"block","angle":225,"time":5},{"type":"block","angle":247.5,"time":11.5},{"type":"block","angle":270,"time":11},{"type":"block","angle":292.5,"time":10.5},{"type":"block","angle":315,"time":10},{"type":"block","angle":337.5,"time":9.5},{"type":"block","angle":0,"time":9},{"type":"block","angle":45,"time":8.5},{"type":"hold","angle2":90,"angle":157.5,"time":5.5,"duration":0.5},{"type":"hold","angle2":112.5,"angle":90,"time":6,"duration":0.5},{"type":"hold","angle2":90,"angle":112.5,"time":6.5,"duration":0.5},{"type":"hold","angle2":67.5,"angle":90,"time":7,"duration":0.5},{"type":"hold","angle2":90,"angle":67.5,"time":7.5,"duration":0.5},{"type":"hold","angle2":360,"angle":360,"time":24,"startTap":true,"duration":1},{"type":"hold","angle2":420,"angle":420,"time":25.5,"startTap":true,"duration":1},{"type":"hold","angle2":120,"angle":120,"time":27,"startTap":true,"duration":1},{"type":"hold","angle2":450,"angle":120,"time":28,"startTap":true,"duration":3},{"type":"hold","angle2":570,"angle":240,"time":28,"startTap":true,"duration":3},{"type":"hold","angle2":330,"angle":0,"time":28,"startTap":true,"duration":3},{"type":"mine","angle":300,"time":28},{"type":"mine","angle":60,"time":28},{"type":"mine","angle":180,"time":28},{"type":"mine","angle":210,"time":28},{"type":"mine","angle":150,"time":28},{"type":"mine","angle":90,"time":28},{"type":"mine","angle":30,"time":28},{"type":"mine","angle":330,"time":28},{"type":"mine","angle":270,"time":28},{"type":"mine","angle":300,"time":29},{"type":"mine","angle":300,"time":30},{"type":"mine","angle":300,"time":31},{"type":"mine","angle":60,"time":29},{"type":"mine","angle":180,"time":29},{"type":"mine","angle":180,"time":30},{"type":"mine","angle":180,"time":31},{"type":"mine","angle":60,"time":30},{"type":"mine","angle":60,"time":31},{"type":"hold","angle2":240,"angle":240,"time":32,"startTap":true,"duration":2},{"type":"hold","angle2":0,"angle":0,"time":32,"startTap":true,"duration":2},{"type":"hold","angle2":120,"angle":120,"time":32,"startTap":true,"duration":2},{"type":"inverse","angle":240,"time":33},{"type":"inverse","angle":0,"time":33},{"type":"inverse","angle":120,"time":33},{"type":"inverse","angle":240,"time":32},{"type":"inverse","angle":0,"time":32},{"type":"inverse","angle":120,"time":32},{"type":"inverse","angle":360,"time":34},{"type":"inverse","angle":120,"time":34},{"type":"inverse","angle":240,"time":34},{"type":"inverse","angle":360,"time":35,"tap":true},{"type":"inverse","angle":120,"time":35,"tap":true},{"type":"inverse","angle":240,"time":35,"tap":true},{"type":"hold","angle2":300,"angle":300,"time":36,"duration":1},{"type":"hold","angle2":60,"angle":60,"time":36,"duration":1},{"type":"hold","angle2":180,"angle":180,"time":36,"duration":1},{"type":"inverse","angle":300,"time":36},{"type":"inverse","angle":300,"time":37},{"type":"inverse","angle":300,"time":38},{"type":"inverse","angle":300,"time":39},{"type":"inverse","angle":60,"time":36},{"type":"inverse","angle":180,"time":36},{"type":"inverse","angle":180,"time":37},{"type":"inverse","angle":60,"time":37},{"type":"inverse","angle":60,"time":38},{"type":"inverse","angle":180,"time":38},{"type":"inverse","angle":60,"time":39},{"type":"inverse","angle":180,"time":39},{"type":"hold","angle2":300,"angle":240,"time":35,"startTap":true,"duration":1},{"type":"hold","angle2":60,"angle":0,"time":35,"startTap":true,"duration":1},{"type":"hold","angle2":180,"angle":120,"time":35,"startTap":true,"duration":1},{"type":"hold","angle2":120,"angle":120,"time":40,"startTap":true,"duration":1},{"type":"mineHold","angle2":300,"angle":300,"time":40,"duration":1},{"type":"mineHold","angle2":60,"angle":60,"time":40,"duration":1},{"type":"mineHold","angle2":180,"angle":180,"time":40,"duration":1},{"type":"mineHold","angle2":120,"angle":120,"time":42,"duration":1},{"type":"mineHold","angle2":360,"angle":360,"time":42,"duration":1},{"type":"mineHold","angle2":240,"angle":240,"time":42,"duration":1},{"type":"hold","angle2":60,"angle":60,"time":42,"startTap":true,"duration":1},{"type":"hold","angle2":0,"angle":0,"time":44,"startTap":true,"duration":1},{"type":"mineHold","angle2":300,"angle":300,"time":44,"duration":1},{"type":"mineHold","angle2":60,"angle":60,"time":44,"duration":1},{"type":"mineHold","angle2":180,"angle":180,"time":44,"duration":1},{"type":"mineHold","angle2":120,"angle":120,"time":46,"duration":1},{"type":"mineHold","angle2":360,"angle":360,"time":46,"duration":1},{"type":"mineHold","angle2":240,"angle":240,"time":46,"duration":1},{"type":"hold","angle2":300,"angle":300,"time":46,"startTap":true,"duration":1},{"type":"block","angle":270,"time":49},{"type":"block","angle":270,"time":50},{"type":"block","angle":270,"time":51},{"type":"block","angle":300,"time":52},{"type":"block","angle":300,"time":53},{"type":"block","angle":270,"time":54},{"type":"block","angle":240,"time":55},{"type":"inverse","angle":150,"time":49},{"type":"inverse","angle":30,"time":49},{"type":"inverse","angle":150,"time":50},{"type":"inverse","angle":30,"time":50},{"type":"inverse","angle":150,"time":51},{"type":"inverse","angle":30,"time":51},{"type":"inverse","angle":60,"time":52},{"type":"inverse","angle":180,"time":52},{"type":"inverse","angle":60,"time":53},{"type":"inverse","angle":180,"time":53},{"type":"inverse","angle":30,"time":54},{"type":"inverse","angle":150,"time":54},{"type":"inverse","angle":360,"time":55},{"type":"inverse","angle":120,"time":55},{"type":"block","angle":90,"time":57},{"type":"block","angle":90,"time":58},{"type":"block","angle":90,"time":59},{"type":"block","angle":120,"time":60},{"type":"block","angle":90,"time":61},{"type":"block","angle":120,"time":62},{"type":"block","angle":150,"time":63},{"type":"inverse","angle":330,"time":57},{"type":"inverse","angle":210,"time":57},{"type":"inverse","angle":210,"time":58},{"type":"inverse","angle":330,"time":58},{"type":"inverse","angle":210,"time":59},{"type":"inverse","angle":330,"time":59},{"type":"inverse","angle":360,"time":60},{"type":"inverse","angle":240,"time":60},{"type":"inverse","angle":330,"time":61},{"type":"inverse","angle":210,"time":61},{"type":"inverse","angle":360,"time":62},{"type":"inverse","angle":240,"time":62},{"type":"inverse","angle":30,"time":63},{"type":"inverse","angle":270,"time":63},{"type":"hold","angle2":360,"angle":300,"time":65,"duration":1},{"type":"hold","angle2":120,"angle":60,"time":65,"duration":1},{"type":"hold","angle2":240,"angle":180,"time":65,"duration":1},{"type":"mineHold","angle2":300,"angle":240,"time":65,"duration":1},{"type":"mineHold","angle2":60,"angle":0,"time":65,"duration":1},{"type":"mineHold","angle2":180,"angle":120,"time":65,"duration":1},{"type":"hold","angle2":240,"angle":300,"time":67,"duration":1},{"type":"hold","angle2":0,"angle":60,"time":67,"duration":1},{"type":"hold","angle2":120,"angle":180,"time":67,"duration":1},{"type":"mineHold","angle2":180,"angle":240,"time":67,"duration":1},{"type":"mineHold","angle2":300,"angle":360,"time":67,"duration":1},{"type":"mineHold","angle2":60,"angle":120,"time":67,"duration":1},{"type":"block","angle":247.5,"time":68.5},{"type":"block","angle":247.5,"time":69.5},{"type":"block","angle":360,"time":69},{"type":"block","angle":120,"time":69},{"type":"block","angle":0,"time":70},{"type":"block","angle":120,"time":70},{"type":"mine","angle":300,"time":68.5},{"type":"mine","angle":180,"time":68.5},{"type":"mine","angle":60,"time":68.5},{"type":"mine","angle":60,"time":69},{"type":"mine","angle":300,"time":69},{"type":"mine","angle":180,"time":69},{"type":"mine","angle":300,"time":69.5},{"type":"mine","angle":300,"time":70},{"type":"mine","angle":60,"time":69.5},{"type":"mine","angle":60,"time":70},{"type":"mine","angle":180,"time":69.5},{"type":"mine","angle":180,"time":70},{"type":"mine","angle":270,"time":8},{"type":"mine","angle":225,"time":8.5},{"type":"mine","angle":180,"time":9},{"type":"mine","angle":157.5,"time":9.5},{"type":"mine","angle":135,"time":10},{"type":"mine","angle":112.5,"time":10.5},{"type":"mine","angle":90,"time":11},{"type":"mine","angle":67.5,"time":11.5},{"type":"mine","angle":45,"time":12},{"type":"mineHold","angle2":292.5,"angle":270,"time":6,"duration":0.5},{"type":"mineHold","angle2":270,"angle":337.5,"time":5.5,"duration":0.5},{"type":"mineHold","angle2":270,"angle":292.5,"time":6.5,"duration":0.5},{"type":"mineHold","angle2":247.5,"angle":270,"time":7,"duration":0.5},{"type":"mineHold","angle2":270,"angle":247.5,"time":7.5,"duration":0.5},{"type":"extraTap","angle":112.5,"time":28},{"type":"extraTap","angle":270,"time":16},{"type":"extraTap","angle":90,"time":49},{"type":"extraTap","angle":90,"time":50},{"type":"extraTap","angle":90,"time":51},{"type":"extraTap","angle":90,"time":52},{"type":"extraTap","angle":90,"time":53},{"type":"extraTap","angle":90,"time":54},{"type":"extraTap","angle":90,"time":55},{"type":"extraTap","angle":270,"time":57},{"type":"extraTap","angle":270,"time":58},{"type":"extraTap","angle":270,"time":59},{"type":"extraTap","angle":270,"time":60},{"type":"extraTap","angle":270,"time":61},{"type":"extraTap","angle":270,"time":62},{"type":"extraTap","angle":270,"time":63},{"type":"extraTap","angle":270,"time":32},{"type":"extraTap","angle":270,"time":35},{"type":"block","angle":300,"time":39},{"type":"block","angle":60,"time":39},{"type":"block","angle":180,"time":39},{"type":"extraTap","angle":240,"time":71},{"type":"block","angle":90,"time":73},{"type":"block","angle":90,"time":74},{"type":"mineHold","angle2":270,"angle":270,"time":73,"duration":3},{"type":"mineHold","angle2":300,"angle":300,"time":73,"duration":3},{"type":"mineHold","angle2":330,"angle":330,"time":73,"duration":3},{"type":"mineHold","angle2":180,"angle":180,"time":73,"duration":3},{"type":"mineHold","angle2":240,"angle":240,"time":73,"duration":3},{"type":"mineHold","angle2":210,"angle":210,"time":73,"duration":3},{"type":"mineHold","angle2":195,"angle":195,"time":73,"duration":3},{"type":"mineHold","angle2":225,"angle":225,"time":73,"duration":3},{"type":"mineHold","angle2":255,"angle":255,"time":73,"duration":3},{"type":"mineHold","angle2":285,"angle":285,"time":73,"duration":3},{"type":"mineHold","angle2":315,"angle":315,"time":73,"duration":3},{"type":"mineHold","angle2":345,"angle":345,"time":73,"duration":3},{"type":"block","angle":270,"time":78},{"type":"block","angle":270,"time":77},{"type":"mineHold","angle2":0,"angle":0,"time":77,"duration":3},{"type":"mineHold","angle2":180,"angle":180,"time":77,"duration":3},{"type":"mineHold","angle2":165,"angle":165,"time":77,"duration":3},{"type":"mineHold","angle2":150,"angle":150,"time":77,"duration":3},{"type":"mineHold","angle2":135,"angle":135,"time":77,"duration":3},{"type":"mineHold","angle2":120,"angle":120,"time":77,"duration":3},{"type":"mineHold","angle2":105,"angle":105,"time":77,"duration":3},{"type":"mineHold","angle2":90,"angle":90,"time":77,"duration":3},{"type":"mineHold","angle2":75,"angle":75,"time":77,"duration":3},{"type":"mineHold","angle2":60,"angle":60,"time":77,"duration":3},{"type":"mineHold","angle2":45,"angle":45,"time":77,"duration":3},{"type":"mineHold","angle2":30,"angle":30,"time":77,"duration":3},{"type":"mineHold","angle2":15,"angle":15,"time":77,"duration":3},{"type":"block","angle":90,"time":75},{"type":"mineHold","angle2":0,"angle":0,"time":73,"duration":3},{"type":"hold","angle2":360,"angle":270,"time":81,"duration":1},{"type":"hold","angle2":270,"angle":360,"time":82,"duration":1},{"type":"hold","angle2":540,"angle":270,"time":83,"duration":2},{"type":"inverse","angle":45,"time":84},{"type":"block","angle":270,"time":89},{"type":"block","angle":315,"time":90},{"type":"block","angle":360,"time":91},{"type":"hold","angle2":0,"angle":0,"time":92,"duration":6},{"type":"hold","angle2":240,"angle":240,"time":94,"duration":4},{"type":"hold","angle2":120,"angle":120,"time":96,"duration":2},{"type":"mineHold","angle2":300,"angle":300,"time":98,"duration":2},{"type":"mineHold","angle2":60,"angle":60,"time":98,"duration":2},{"type":"mineHold","angle2":180,"angle":180,"time":98,"duration":2},{"type":"mine","angle":270,"time":98},{"type":"mine","angle":330,"time":98},{"type":"mine","angle":330,"time":98.5},{"type":"mine","angle":330,"time":99},{"type":"mine","angle":30,"time":98},{"type":"mine","angle":30,"time":98.5},{"type":"mine","angle":30,"time":99},{"type":"mine","angle":90,"time":98},{"type":"mine","angle":90,"time":98.5},{"type":"mine","angle":90,"time":99},{"type":"mine","angle":210,"time":98},{"type":"mine","angle":210,"time":98.5},{"type":"mine","angle":210,"time":99},{"type":"mine","angle":150,"time":98},{"type":"mine","angle":150,"time":98.5},{"type":"mine","angle":270,"time":99.666664123535},{"type":"mine","angle":210,"time":100},{"type":"mine","angle":150,"time":100},{"type":"mine","angle":90,"time":100},{"type":"mine","angle":270,"time":98.5},{"type":"mine","angle":270,"time":99},{"type":"mine","angle":270,"time":99.333335876465},{"type":"mine","angle":270,"time":99.5},{"type":"mine","angle":270,"time":99.166664123535},{"type":"mine","angle":270,"time":99.125},{"type":"mine","angle":150,"time":99},{"type":"mine","angle":330,"time":99.5},{"type":"mine","angle":330,"time":99.333335876465},{"type":"mine","angle":330,"time":99.666664123535},{"type":"mine","angle":330,"time":99.833335876465},{"type":"mine","angle":330,"time":99.166664123535},{"type":"mine","angle":30,"time":99.166664123535},{"type":"mine","angle":30,"time":99.833335876465},{"type":"mine","angle":30,"time":99.666664123535},{"type":"mine","angle":30,"time":99.333335876465},{"type":"mine","angle":30,"time":99.5},{"type":"mine","angle":210,"time":99.333335876465},{"type":"mine","angle":210,"time":99.5},{"type":"mine","angle":210,"time":99.166664123535},{"type":"mine","angle":210,"time":99.5},{"type":"mine","angle":210,"time":99.5},{"type":"mine","angle":210,"time":99.666664123535},{"type":"mine","angle":210,"time":99.833335876465},{"type":"mine","angle":150,"time":100},{"type":"mine","angle":90,"time":99.833335876465},{"type":"mine","angle":90,"time":99.5},{"type":"mine","angle":90,"time":99.666664123535},{"type":"mine","angle":90,"time":99.5},{"type":"mine","angle":90,"time":99.333335876465},{"type":"mine","angle":90,"time":99.166664123535},{"type":"inverse","angle":270,"time":89},{"type":"inverse","angle":315,"time":90},{"type":"inverse","angle":0,"time":91},{"type":"mine","angle":270,"time":99.833335876465},{"type":"mine","angle":270,"time":100},{"type":"mine","angle":150,"time":99.833335876465},{"type":"mine","angle":150,"time":99.5},{"type":"mine","angle":150,"time":99.333335876465},{"type":"mine","angle":150,"time":99.166664123535},{"type":"mine","angle":150,"time":99.666664123535},{"type":"block","angle":300,"time":38},{"type":"block","angle":60,"time":38},{"type":"block","angle":180,"time":38},{"type":"block","angle":180,"time":37},{"type":"block","angle":60,"time":37},{"type":"block","angle":300,"time":37},{"type":"block","angle":270,"time":79},{"type":"hold","angle2":0,"angle":0,"time":100,"duration":6},{"type":"extraTap","angle":0,"time":93},{"type":"extraTap","angle":0,"time":95},{"type":"extraTap","angle":0,"time":97},{"type":"extraTap","angle":0,"time":99},{"type":"block","angle":360,"time":16.5},{"type":"hold","angle2":0,"angle":90,"time":15,"duration":1},{"type":"mineHold","angle2":60,"angle":60,"time":16,"duration":2},{"type":"mineHold","angle2":180,"angle":180,"time":16,"duration":2},{"type":"mineHold","angle2":300,"angle":300,"time":16,"duration":2},{"type":"block","angle":348.75,"time":86},{"type":"block","angle":168.75,"time":87},{"type":"mineHold","angle2":320,"angle":135,"time":88,"duration":3},{"type":"block","angle":11.25,"time":86},{"type":"block","angle":191.25,"time":87},{"type":"mineHold","angle2":150,"angle":300,"time":20,"duration":2},{"type":"mineHold","angle2":-90,"angle":60,"time":20,"duration":2},{"type":"mineHold","angle2":30,"angle":180,"time":20,"duration":2},{"type":"hold","angle2":360,"angle":360,"time":40,"duration":1},{"type":"hold","angle2":240,"angle":240,"time":40,"duration":1},{"type":"hold","angle2":300,"angle":300,"time":42,"duration":1},{"type":"hold","angle2":180,"angle":180,"time":42,"duration":1},{"type":"hold","angle2":120,"angle":120,"time":44,"duration":1},{"type":"hold","angle2":240,"angle":240,"time":44,"duration":1},{"type":"hold","angle2":180,"angle":180,"time":46,"duration":1},{"type":"hold","angle2":60,"angle":60,"time":46,"duration":1},{"type":"hold","angle2":1080,"angle":0,"time":106,"duration":0,"segments":9},{"type":"mineHold","angle2":120,"angle":120,"time":100,"duration":6},{"type":"mineHold","angle2":240,"angle":240,"time":100,"duration":6},{"type":"extraTap","angle":45,"time":106}]