{"properties":{"offset":8,"formatversion":13,"speed":70},"metadata":{"bgData":{"redChannel":{"g":82,"b":78,"r":175},"blueChannel":{"g":105,"b":147,"r":117},"greenChannel":{"g":135,"b":113,"r":112},"yellowChannel":{"g":161,"b":110,"r":219},"magentaChannel":{"g":48,"b":51,"r":56},"cyanChannel":{"g":201,"b":167,"r":237},"image":"pinesTwins.png"},"charter":"Waxy","songName":"Gravity Falls theme","description":"Reality's an illusion, the universe is a hologram, BUY GOLD!!","difficulty":0,"artist":"Brad Breeck","artistLink":"","bg":true},"events":[{"bpm":166,"volume":1,"time":0,"file":"Gravity Falls Main Title Theme.ogg","angle":131.25,"type":"play"},{"type":"paddles","ease":"linear","angle":450,"newWidth":35,"time":16,"paddle":1,"newAngle":0,"enabled":true,"duration":0},{"type":"paddles","ease":"linear","angle":330,"newWidth":35,"time":16,"paddle":2,"newAngle":120,"enabled":true,"duration":0},{"type":"paddles","ease":"linear","angle":210,"newWidth":35,"time":16,"paddle":3,"newAngle":240,"enabled":true,"duration":0},{"type":"bookmark","angle":22.5,"description":"","g":0,"name":"song","b":0,"r":0,"time":16},{"type":"bookmark","angle":360,"description":"","g":0,"name":"Section","b":0,"r":0,"time":16},{"type":"paddles","ease":"linear","angle":360,"time":71,"enabled":false,"paddle":2,"duration":0},{"type":"paddles","ease":"linear","angle":30,"time":71,"enabled":false,"paddle":3,"duration":0},{"type":"paddles","ease":"linear","angle":330,"time":71,"duration":0,"enabled":true,"paddle":1,"newWidth":70},{"type":"paddles","ease":"linear","angle":112.5,"newWidth":35,"time":96,"paddle":3,"newAngle":240,"enabled":true,"duration":0},{"type":"paddles","ease":"linear","angle":180,"time":92,"duration":0,"paddle":1,"newWidth":35},{"type":"showResults","angle":270,"time":110},{"type":"ease","ease":"inOutElastic","angle":90,"time":71,"value":200,"duration":3,"var":"p.x"},{"type":"ease","ease":"inOutElastic","angle":112.5,"time":74.5,"value":400,"duration":3.5,"var":"p.x"},{"type":"ease","ease":"inOutSine","angle":247.5,"time":79.5,"value":300,"duration":0.5,"var":"p.x"},{"type":"ease","ease":"inCirc","angle":90,"time":0,"value":2,"duration":16,"var":"vfx.canvPos.sx"},{"type":"ease","ease":"inCirc","angle":60,"time":0,"value":2,"duration":16,"var":"vfx.canvPos.sy"},{"type":"ease","ease":"outElastic","angle":157.5,"time":16,"value":1,"duration":1,"var":"vfx.canvPos.sx"},{"type":"ease","ease":"outElastic","angle":135,"time":16,"value":1,"duration":2,"var":"vfx.canvPos.sy"},{"type":"ease","ease":"outElastic","angle":90,"time":92,"value":1,"duration":1,"var":"p.drawScale"},{"type":"ease","ease":"inCirc","angle":90,"time":91,"value":0.69999998807907,"duration":1,"var":"p.drawScale"},{"type":"ease","ease":"outElastic","angle":90,"time":94,"value":1,"duration":1,"var":"p.drawScale"},{"type":"ease","ease":"inCirc","angle":90,"time":93,"value":0.69999998807907,"duration":1,"var":"p.drawScale"},{"type":"ease","ease":"outElastic","angle":67.5,"time":96,"value":1,"duration":1,"var":"p.drawScale"},{"type":"ease","ease":"inCirc","angle":90,"time":95,"value":0.69999998807907,"duration":1,"var":"p.drawScale"},{"type":"paddles","ease":"linear","angle":300,"newWidth":35,"time":94,"paddle":2,"newAngle":120,"enabled":true,"duration":0},{"type":"ease","ease":"inCirc","angle":315,"time":98,"value":5,"duration":2,"var":"vfx.pixelate"},{"type":"ease","ease":"outCirc","angle":292.5,"time":100,"value":1,"duration":0.25,"var":"vfx.pixelate"},{"type":"paddles","ease":"outCirc","angle":247.5,"time":98,"duration":2,"paddle":0,"newWidth":10},{"type":"paddles","ease":"inSine","angle":247.5,"time":100.16666412354,"duration":0,"paddle":1,"newWidth":70},{"type":"paddles","ease":"linear","angle":225,"time":100,"enabled":false,"paddle":2,"duration":0},{"type":"paddles","ease":"linear","angle":202.5,"time":100,"enabled":false,"paddle":3,"duration":0},{"type":"deco","angle":247.5,"id":"billWheel","sprite":"billWheel.png","time":106,"hide":true},{"type":"setBgColor","angle":225,"color":1,"time":106},{"sprite":"billWheel.png","recolor":-1,"angle":135,"type":"deco","ox":180,"oy":180,"sx":0.5,"sy":0.5,"r":-180,"time":100,"id":"billWheel","x":300,"y":180},{"type":"hom","angle":202.5,"time":98,"enable":true},{"type":"hom","angle":337.5,"time":100,"enable":false},{"type":"noise","angle":225,"color":1,"chance":0.5,"time":98},{"type":"noise","angle":22.5,"color":0,"chance":0,"time":100},{"sprite":"bill.png","recolor":2,"angle":67.5,"ox":150,"oy":186,"sx":0.44999998807907,"sy":0.44999998807907,"time":106,"type":"deco","id":"bill","x":300,"y":170},{"type":"deco","angle":67.5,"id":"bill","sprite":"bill.png","time":106.30000305176,"hide":true},{"type":"setColor","angle":247.5,"time":100,"b":255,"g":255,"color":5,"r":255},{"type":"ease","ease":"linear","angle":90,"time":106.125,"value":10,"duration":0.5,"var":"vfx.pixelate"},{"type":"deco","angle":112.5,"ox":200,"oy":169,"id":"ford","sprite":"ford.png","x":1200,"time":70.5},{"type":"deco","ease":"inOutElastic","angle":112.5,"sx":1.2000000476837,"sy":1.2000000476837,"time":71,"id":"ford","x":450,"duration":3},{"type":"deco","ease":"inCirc","angle":135,"id":"ford","time":74.5,"x":1200,"duration":2},{"sprite":"stan.png","angle":67.5,"ox":200,"oy":150,"sx":1.2000000476837,"sy":1.2000000476837,"time":74,"id":"stan","type":"deco","x":-1200,"y":190},{"type":"deco","ease":"inOutElastic","angle":67.5,"id":"stan","time":74.5,"x":180,"duration":3},{"type":"deco","ease":"inOutSine","angle":225,"id":"stan","time":79,"x":-1200,"duration":1},{"type":"setColor","angle":157.5,"time":0,"b":123,"g":131,"color":2,"r":166},{"sprite":"gnomeForest.png","drawLayer":"bg","angle":225,"ox":833,"oy":350,"sx":1.2999999523163,"sy":1.2999999523163,"time":16,"type":"deco","x":800,"id":"gnome"},{"type":"setColor","angle":180,"time":0,"b":75,"g":67,"color":3,"r":25},{"type":"setColor","angle":202.5,"time":0,"b":115,"g":140,"color":4,"r":82},{"type":"setColor","angle":225,"time":0,"b":171,"g":225,"color":5,"r":190},{"type":"setColor","angle":247.5,"time":0,"b":137,"g":114,"color":6,"r":54},{"type":"setColor","angle":270,"time":0,"b":155,"g":163,"color":7,"r":85},{"type":"setBgColor","angle":247.5,"time":16,"voidColor":3},{"type":"deco","ease":"linear","angle":202.5,"y":180,"sx":0.69999998807907,"sy":0.69999998807907,"id":"gnome","time":17,"r":5,"x":300,"duration":30},{"type":"deco","angle":315,"time":100,"hide":true,"id":"shack"},{"type":"setColor","angle":112.5,"time":16,"b":218,"g":200,"color":0,"r":247},{"type":"setColor","angle":202.5,"time":16,"b":134,"g":87,"color":1,"r":215},{"type":"setColor","angle":157.5,"time":100,"b":255,"g":255,"color":0,"r":255},{"type":"setColor","angle":67.5,"time":100,"b":0,"g":0,"color":1,"r":0},{"type":"setColor","angle":168.75,"time":106,"b":0,"g":0,"color":1,"r":0},{"type":"setColor","angle":202.5,"time":106,"b":0,"g":0,"color":0,"r":0},{"type":"setColor","angle":157.5,"time":106,"b":255,"g":255,"color":2,"r":255},{"type":"setColor","angle":202.5,"time":105.75,"b":0,"g":0,"color":0,"r":0},{"type":"setColor","angle":180,"time":105.75,"b":255,"g":255,"color":1,"r":255},{"type":"setColor","angle":202.5,"time":105.875,"b":255,"g":255,"color":0,"r":255},{"type":"setColor","angle":180,"time":105.875,"b":0,"g":0,"color":1,"r":0},{"type":"deco","angle":270,"time":48,"hide":true,"id":"gnome"},{"sprite":"portalNEW.png","drawLayer":"bg","angle":292.5,"ox":300,"oy":180,"time":48,"id":"portal","type":"deco"},{"type":"setColor","ease":"outCirc","angle":0,"color":0,"g":255,"b":255,"time":48,"r":255,"duration":0.5},{"type":"setColor","ease":"outCirc","angle":11.25,"color":1,"g":41,"r":17,"b":41,"time":48,"duration":0.5},{"type":"setColor","ease":"outCirc","angle":22.5,"color":2,"g":94,"r":42,"b":100,"time":48,"duration":0.5},{"type":"setColor","ease":"outCirc","angle":33.75,"color":3,"g":126,"r":62,"b":130,"time":48,"duration":0.5},{"type":"setColor","ease":"outCirc","angle":45,"color":4,"g":146,"r":72,"b":151,"time":48,"duration":0.5},{"type":"setColor","ease":"outCirc","angle":56.25,"color":5,"g":63,"r":32,"b":65,"time":48,"duration":0.5},{"type":"setColor","ease":"outCirc","angle":67.5,"color":6,"g":0,"r":255,"time":48,"b":0,"duration":0.5},{"type":"setColor","ease":"outCirc","angle":78.75,"color":7,"g":219,"r":117,"b":219,"time":48,"duration":0.5},{"type":"deco","angle":345,"time":80,"hide":true,"id":"portal"},{"sprite":"shack.png","drawLayer":"bg","angle":330,"ox":320,"oy":180,"time":80,"id":"shack","type":"deco"},{"type":"setColor","angle":300,"time":80,"b":0,"g":0,"color":1,"r":0},{"type":"setColor","angle":315,"time":80,"b":165,"g":181,"color":0,"r":181},{"type":"setColor","angle":285,"time":80,"b":16,"g":33,"color":2,"r":41},{"type":"setColor","angle":270,"time":80,"b":8,"g":8,"color":3,"r":16},{"type":"setColor","angle":255,"time":80,"b":115,"g":115,"color":4,"r":41},{"type":"setColor","angle":240,"time":80,"b":82,"g":165,"color":5,"r":173},{"type":"setColor","angle":225,"time":80,"b":107,"g":74,"color":6,"r":132},{"type":"setColor","angle":210,"time":80,"b":33,"g":66,"color":7,"r":115},{"type":"ease","angle":105,"time":10,"value":4,"var":"vfx.extraTapWidth"},{"type":"ease","angle":75,"time":10,"value":5,"var":"vfx.tapWidthPulse"},{"type":"deco","ease":"inCirc","angle":345,"sx":2,"sy":2,"r":-10,"id":"shack","time":80.5,"duration":20},{"type":"outline","angle":90,"color":0,"enable":true,"time":48},{"type":"outline","angle":195,"color":0,"enable":false,"time":80},{"type":"deco","ease":"inCirc","angle":180,"sx":7,"sy":7,"time":79,"id":"portal","duration":1},{"type":"ease","ease":"outSine","angle":180,"time":48,"value":220,"duration":4,"var":"p.y"},{"type":"ease","ease":"inSine","angle":0,"time":52,"value":180,"duration":4,"var":"p.y"},{"type":"ease","ease":"outSine","angle":0,"time":56,"value":140,"duration":4,"var":"p.y"},{"type":"ease","ease":"inSine","angle":180,"time":60,"value":180,"duration":4,"var":"p.y"},{"type":"ease","ease":"linear","angle":303.75,"time":77,"value":20,"duration":3,"var":"vfx.hglitch.strength"},{"type":"ease","ease":"linear","angle":292.5,"time":80,"value":0,"duration":0.5,"var":"vfx.hglitch.strength"},{"type":"ease","ease":"linear","angle":135,"time":12,"value":3,"duration":4,"var":"vfx.hglitch.strength"},{"type":"ease","ease":"linear","angle":292.5,"time":16,"value":0,"duration":1,"var":"vfx.hglitch.strength"},{"type":"setColor","ease":"inCirc","angle":11.25,"color":0,"g":255,"r":255,"b":255,"time":46,"duration":1.5},{"type":"setColor","ease":"inCirc","angle":22.5,"color":1,"g":255,"r":255,"b":255,"time":46,"duration":1.5},{"type":"setColor","ease":"inCirc","angle":33.75,"color":2,"g":255,"r":255,"b":255,"time":46,"duration":1.5},{"type":"setColor","ease":"inCirc","angle":45,"color":3,"g":255,"r":255,"b":255,"time":46,"duration":1.5},{"type":"setColor","ease":"inCirc","angle":67.5,"color":4,"g":255,"r":255,"b":255,"time":46,"duration":1.5},{"type":"setColor","ease":"inCirc","angle":78.75,"color":5,"g":255,"r":255,"b":255,"time":46,"duration":1.5},{"type":"setColor","ease":"inCirc","angle":90,"color":6,"g":255,"r":255,"b":255,"time":46,"duration":1.5},{"type":"setColor","ease":"inCirc","angle":101.25,"color":7,"g":255,"r":255,"b":255,"time":46,"duration":1.5},{"type":"setColor","angle":202.5,"time":105.5,"b":0,"g":0,"color":0,"r":0},{"type":"setColor","angle":202.5,"time":105.625,"b":255,"g":255,"color":0,"r":255},{"type":"setColor","angle":180,"time":105.625,"b":0,"g":0,"color":1,"r":0},{"type":"setColor","angle":180,"time":105.5,"b":255,"g":255,"color":1,"r":255},{"type":"setBgColor","angle":165,"time":100,"voidColor":0},{"type":"deco","ease":"inCirc","angle":120,"sx":0.80000001192093,"sy":0.80000001192093,"r":-20,"id":"billWheel","time":100.01000213623,"duration":0.40000000596046},{"type":"deco","ease":"outCirc","angle":120,"sx":1,"sy":1,"r":0,"id":"billWheel","time":100.5,"duration":4.5},{"type":"deco","ease":"inCirc","angle":120,"sx":1.2999999523163,"sy":1.2999999523163,"r":180,"id":"billWheel","time":105,"duration":1},{"type":"ease","ease":"inCirc","angle":165,"time":104,"value":1,"duration":2,"var":"p.drawScale"},{"type":"ease","ease":"inOutSine","angle":210,"time":39,"value":400,"duration":8,"var":"p.x"},{"type":"ease","ease":"inOutSine","angle":270,"time":47,"value":300,"duration":17,"var":"p.x"},{"type":"deco","drawLayer":"bg","angle":135,"order":1,"ox":68,"oy":68,"time":48,"sprite":"portalAnim!spin","id":"portalAnim"},{"type":"setColor","ease":"linear","angle":67.5,"color":6,"g":240,"r":255,"b":0,"time":48.5,"duration":3.5},{"type":"setColor","ease":"linear","angle":45,"color":6,"g":255,"b":0,"r":30,"time":52,"duration":4},{"type":"setColor","ease":"linear","angle":45,"color":6,"g":248,"time":56,"r":0,"b":255,"duration":4},{"type":"setColor","ease":"linear","angle":45,"color":6,"g":0,"b":255,"r":8,"time":60,"duration":4},{"type":"deco","ease":"linear","angle":135,"order":0,"r":180,"sprite":"portalAnim!spin","time":48.099998474121,"id":"portalAnim","duration":23.89999961853},{"type":"deco","ease":"inCirc","angle":202.5,"sx":5,"sy":5,"time":77,"r":360,"id":"portalAnim","sprite":"portalAnim!spin","duration":3},{"type":"deco","angle":202.5,"hide":true,"id":"portalAnim","time":80},{"type":"deco","ease":"inCirc","angle":225,"sx":2,"sy":2,"time":77,"id":"portal","duration":3},{"type":"deco","ease":"linear","angle":112.5,"sx":1.2000000476837,"sy":1.2000000476837,"time":49,"id":"portal","duration":23},{"type":"setColor","ease":"linear","angle":45,"color":6,"g":0,"time":64,"r":180,"b":255,"duration":4},{"type":"setColor","ease":"linear","angle":67.5,"color":6,"g":0,"time":68,"b":0,"r":255,"duration":4},{"type":"setColor","ease":"linear","angle":45,"color":6,"g":255,"time":72,"r":255,"b":0,"duration":4},{"type":"setColor","ease":"linear","angle":45,"color":6,"g":255,"r":38,"b":0,"time":76,"duration":4}]}