[{"type":"block","angle":90,"time":0},{"type":"block","angle":270,"time":0.625},{"type":"block","angle":247.5,"time":0.875},{"type":"block","angle":202.5,"time":1.25},{"type":"block","angle":315,"time":1.75},{"type":"block","angle":315,"time":2},{"type":"extraTap","angle":360,"time":2.5},{"type":"extraTap","angle":270,"time":2.875},{"type":"extraTap","angle":90,"time":3.25},{"type":"hold","angle":90,"angle2":67.5,"duration":0.75,"time":3.5},{"type":"hold","angle":90,"angle2":112.5,"duration":0.75,"time":3.5},{"type":"hold","angle":90,"angle2":67.5,"duration":0.25,"time":4},{"type":"hold","angle":90,"angle2":112.5,"duration":0.25,"time":4},{"type":"hold","angle":90,"angle2":0,"duration":0.75,"time":4.375},{"type":"hold","angle":315,"angle2":292.5,"duration":0.75,"time":5.25},{"type":"hold","angle":315,"angle2":337.5,"duration":0.75,"time":5.25},{"type":"hold","angle":315,"angle2":292.5,"duration":0.25,"time":5.75},{"type":"hold","angle":315,"angle2":337.5,"duration":0.25,"time":5.75},{"type":"hold","angle":315,"angle2":180,"duration":0.75,"time":6.125},{"type":"hold","angle":180,"angle2":157.5,"duration":0.75,"time":7},{"type":"hold","angle":180,"angle2":202.5,"duration":0.75,"time":7},{"type":"hold","angle":180,"angle2":157.5,"duration":0.25,"time":7.5},{"type":"hold","angle":180,"angle2":202.5,"duration":0.25,"time":7.5},{"type":"mineHold","angle":270,"angle2":247.5,"duration":0.75,"time":3.5},{"type":"mineHold","angle":270,"angle2":292.5,"duration":0.75,"time":3.5},{"type":"mineHold","angle":270,"angle2":292.5,"duration":0.25,"time":4},{"type":"mineHold","angle":270,"angle2":247.5,"duration":0.25,"time":4},{"type":"mineHold","angle":270,"angle2":180,"duration":0.75,"time":4.375},{"type":"mineHold","angle":135,"angle2":112.5,"duration":0.75,"time":5.25},{"type":"mineHold","angle":135,"angle2":157.5,"duration":0.75,"time":5.25},{"type":"mineHold","angle":135,"angle2":112.5,"duration":0.25,"time":5.75},{"type":"mineHold","angle":135,"angle2":157.5,"duration":0.25,"time":5.75},{"type":"mineHold","angle":135,"angle2":0,"duration":0.75,"time":6.125},{"type":"mineHold","angle":0,"angle2":-22.5,"duration":0.75,"time":7},{"type":"mineHold","angle":360,"angle2":382.5,"duration":0.75,"time":7},{"type":"mineHold","angle":0,"angle2":-22.5,"duration":0.25,"time":7.5},{"type":"mineHold","angle":0,"angle2":22.5,"duration":0.25,"time":7.5},{"type":"mineHold","angle":292.5,"angle2":67.5,"duration":0,"time":2.5},{"type":"mineHold","angle":202.5,"angle2":-22.5,"duration":0,"time":2.875},{"type":"mineHold","angle":22.5,"angle2":-202.5,"duration":0,"time":3.25},{"type":"inverse","angle":180,"time":8.875},{"type":"inverse","angle":157.5,"time":9},{"type":"inverse","angle":135,"time":9.125},{"type":"inverse","angle":112.5,"time":9.5},{"type":"inverse","angle":135,"time":9.625},{"type":"inverse","angle":157.5,"time":9.75},{"type":"mineHold","angle":270,"angle2":270,"duration":1.75,"time":8.75},{"type":"inverse","angle":45,"time":10.125},{"type":"inverse","angle":45,"time":10.25},{"type":"inverse","angle":45,"time":10.375},{"type":"block","angle":45,"time":10.75},{"type":"block","angle":45,"time":10.875},{"type":"block","angle":45,"time":10.625},{"endTap":true,"angle":45,"angle2":-180,"type":"hold","duration":1.5,"time":11.125,"startTap":true},{"type":"mineHold","angle":225,"angle2":0,"duration":1.5,"time":11.125},{"angle":90,"type":"block","tap":true,"time":13.5},{"type":"hold","angle":90,"angle2":180,"duration":0.75,"time":14},{"type":"mineHold","angle":270,"angle2":360,"duration":0.75,"time":14},{"type":"mineHold","angle":135,"angle2":90,"duration":1,"time":14.75},{"type":"mineHold","angle":315,"angle2":270,"duration":1,"time":14.75},{"type":"mineHold","angle":90,"angle2":90,"duration":5.125,"time":15.75},{"type":"mineHold","angle":270,"angle2":270,"duration":5.125,"time":15.75},{"speedMult":0.5,"angle":180,"type":"side","time":15.375},{"type":"hold","angle":180,"angle2":180,"duration":1.25,"time":15.875},{"type":"extraTap","angle":0,"time":17.125},{"type":"block","angle":360,"time":17.625},{"type":"block","angle":180,"time":17.75},{"type":"block","angle":337.5,"time":17.875},{"type":"block","angle":135,"time":18.125},{"type":"block","angle":315,"time":18.25},{"type":"hold","angle":315,"angle2":360,"duration":1.125,"time":18.375},{"type":"mineHold","angle":270,"angle2":180,"duration":8.5,"time":20.875},{"type":"mineHold","angle":90,"angle2":0,"duration":8.5,"time":20.875},{"angle":180,"type":"block","tap":true,"time":20.875},{"type":"block","angle":0,"time":21},{"type":"hold","angle":360,"angle2":337.5,"duration":0.5,"time":21.125},{"type":"hold","angle":337.5,"angle2":405,"duration":1.25,"time":21.75},{"angle":157.5,"type":"block","tap":true,"time":21.75},{"angle":202.5,"type":"block","tap":true,"time":23.375},{"type":"hold","angle":202.5,"angle2":180,"duration":0.375,"time":23.5},{"angle":0,"type":"block","tap":true,"time":24.125},{"type":"hold","angle":360,"angle2":315,"duration":1.125,"time":24.25},{"type":"block","angle":90,"time":25.75},{"type":"block","angle":90,"time":25.625},{"type":"block","angle":90,"time":25.875},{"type":"hold","angle":157.5,"angle2":157.5,"duration":0.125,"time":26.5},{"type":"hold","angle":292.5,"angle2":292.5,"duration":0.125,"time":26},{"type":"hold","angle":292.5,"angle2":315,"duration":0.125,"time":26.125},{"type":"side","angle":67.5,"time":27.125},{"type":"side","angle":337.5,"time":28},{"type":"side","angle":45,"time":28.875},{"type":"mineHold","angle":0,"angle2":-90,"duration":4.25,"time":29.375},{"type":"block","angle":45,"time":30.375},{"type":"block","angle":45,"time":30.5},{"type":"inverse","angle":270,"time":31.125},{"type":"inverse","angle":270,"time":31.25},{"type":"inverse","angle":270,"time":31.375},{"type":"hold","angle":90,"angle2":45,"duration":0.75,"time":31.625},{"angle":180,"type":"inverse","tap":true,"time":33.625},{"type":"mineHold","angle":180,"angle2":90,"duration":4.25,"time":29.375},{"type":"mineHold","angle":90,"angle2":90,"duration":4.75,"time":33.625},{"angle":360,"type":"block","speedMult":0.20000000298023,"tap":true,"time":38.375},{"type":"hold","angle":360,"angle2":382.5,"duration":0.875,"time":35},{"type":"side","angle":45,"time":35.25},{"type":"side","angle":45,"time":35.875},{"type":"block","angle":315,"time":36.5},{"type":"block","angle":292.5,"time":36.625},{"type":"block","angle":270,"time":36.75},{"type":"block","angle":247.5,"time":36.875},{"type":"block","angle":225,"time":37},{"type":"hold","angle":0,"angle2":-67.5,"duration":1,"time":39.625},{"type":"hold","angle":270,"angle2":247.5,"duration":0.125,"time":40.75},{"type":"hold","angle":-135,"angle2":0,"duration":1,"time":41},{"angle":45,"type":"side","tap":true,"time":42.5},{"angle":315,"type":"side","tap":true,"time":43},{"angle":45,"type":"side","tap":true,"time":43.5},{"type":"block","angle":180,"time":44.5},{"type":"block","angle":270,"time":45.25},{"angle":45,"type":"block","tap":true,"time":45.875},{"angle":292.5,"type":"block","tap":true,"time":46.75},{"angle":45,"type":"block","tap":true,"time":47.75},{"type":"block","angle":45,"time":48.375},{"type":"extraTap","angle":0,"time":49.125},{"type":"extraTap","angle":0,"time":49.5},{"type":"extraTap","angle":360,"time":50.125},{"type":"extraTap","angle":0,"time":50.625},{"type":"extraTap","angle":0,"time":51.375},{"type":"extraTap","angle":0,"time":52.375},{"type":"mineHold","angle":337.5,"angle2":337.5,"duration":1.75,"time":45.125},{"type":"mineHold","angle":225,"angle2":225,"duration":1.25,"time":46.625},{"type":"mineHold","angle":0,"angle2":0,"duration":0.625,"time":47.375},{"type":"hold","angle":360,"angle2":360,"duration":2.25,"time":53.875},{"type":"block","angle":337.5,"time":54.25},{"type":"block","angle":337.5,"time":54.5},{"type":"block","angle":22.5,"time":54},{"type":"block","angle":22.5,"time":54.75},{"type":"block","angle":22.5,"time":55},{"type":"side","angle":337.5,"time":55.5},{"type":"side","angle":22.5,"time":56},{"type":"mine","angle":292.5,"time":53.875},{"type":"mine","angle":270,"time":53.875},{"type":"mine","angle":247.5,"time":53.875},{"type":"mine","angle":225,"time":53.875},{"type":"mine","angle":202.5,"time":53.875},{"type":"mine","angle":180,"time":53.875},{"type":"mine","angle":157.5,"time":53.875},{"type":"mine","angle":135,"time":53.875},{"type":"mine","angle":112.5,"time":53.875},{"type":"mine","angle":90,"time":53.875},{"type":"mine","angle":67.5,"time":53.875},{"type":"hold","angle":360,"angle2":405,"duration":0.625,"time":58},{"type":"hold","angle":22.5,"angle2":-45,"duration":0.625,"time":58.75},{"type":"hold","angle":292.5,"angle2":270,"duration":0.25,"time":59.5},{"type":"hold","angle":292.5,"angle2":337.5,"duration":0.5,"time":60},{"type":"mineHold","angle":315,"angle2":45,"speedMult":1.9999998807907,"duration":0,"time":58},{"type":"mineHold","angle":337.5,"angle2":67.5,"speedMult":2,"duration":0,"time":58.625},{"type":"mineHold","angle":247.5,"angle2":-22.5,"speedMult":2,"duration":0,"time":59.5},{"type":"mineHold","angle":247.5,"angle2":-22.5,"speedMult":2,"duration":0,"time":59.75},{"type":"mineHold","angle":112.5,"angle2":157.5,"duration":0.5,"time":60},{"type":"mine","angle":22.5,"time":54.375},{"type":"mine","angle":337.5,"time":54.875},{"type":"mineHold","angle":180,"angle2":112.5,"duration":1,"time":39.625},{"type":"mineHold","angle":90,"angle2":67.5,"duration":0.125,"time":40.75},{"type":"mineHold","angle":45,"angle2":180,"duration":1,"time":41},{"type":"mineHold","angle":247.5,"angle2":112.5,"speedMult":1.5,"duration":0,"time":42.5},{"type":"mineHold","angle":247.5,"angle2":112.5,"speedMult":1.5,"duration":0,"time":43},{"type":"mineHold","angle":247.5,"angle2":112.5,"speedMult":1.5,"duration":0,"time":43.5},{"type":"side","angle":45,"time":61},{"type":"side","angle":315,"time":61.25},{"type":"hold","angle":315,"angle2":315,"duration":0.5,"time":61.625},{"type":"hold","angle":337.5,"angle2":337.5,"duration":0.5,"time":61.625},{"type":"mineHold","angle":292.5,"angle2":292.5,"duration":0.5,"time":61.625},{"type":"mineHold","angle":0,"angle2":0,"duration":0.5,"time":61.625},{"type":"side","angle":292.5,"time":62.5},{"type":"side","angle":0,"time":62.75},{"type":"hold","angle":360,"angle2":315,"duration":0.5,"time":63.125},{"type":"hold","angle":337.5,"angle2":382.5,"duration":0.375,"time":63.75},{"type":"mineHold","angle":180,"angle2":135,"duration":0.5,"time":63.125},{"type":"mineHold","angle":157.5,"angle2":202.5,"duration":0.375,"time":63.75},{"type":"block","angle":90,"time":64.75},{"type":"hold","angle":90,"angle2":90,"duration":0.625,"time":65},{"type":"extraTap","angle":0,"time":64.75},{"type":"mineHold","angle":67.5,"angle2":67.5,"duration":0.625,"time":65},{"type":"block","angle":112.5,"time":65.875},{"type":"hold","angle":112.5,"angle2":157.5,"duration":0.25,"time":66.125},{"type":"mineHold","angle":90,"angle2":135,"duration":0.25,"time":66.25},{"type":"hold","angle":202.5,"angle2":157.5,"duration":0.25,"time":66.75},{"type":"hold","angle":157.5,"angle2":270,"duration":0.875,"time":67.5},{"type":"mineHold","angle":157.5,"angle2":270,"duration":0.875,"time":67.125},{"type":"side","angle":112.5,"time":67.125},{"type":"inverse","angle":0,"time":69.375},{"type":"inverse","angle":22.5,"time":69.5},{"type":"inverse","angle":45,"time":69.625},{"type":"hold","angle":67.5,"angle2":45,"duration":0.5,"time":69.75},{"type":"hold","angle":22.5,"angle2":90,"duration":0.875,"time":70.375},{"type":"mineHold","angle":22.5,"angle2":-225,"speedMult":1.5,"duration":0,"time":69.75},{"type":"mineHold","angle":337.5,"angle2":90,"duration":0,"time":70.375},{"type":"mineHold","angle":90,"angle2":-22.5,"duration":0.5,"time":71.75},{"type":"block","angle":67.5,"time":71.5},{"type":"block","angle":45,"time":71.625},{"type":"block","angle":22.5,"time":71.75},{"type":"block","angle":0,"time":71.875},{"type":"block","angle":337.5,"time":72},{"type":"block","angle":315,"time":72.125},{"type":"block","angle":315,"time":72.25},{"type":"hold","angle":315,"angle2":315,"duration":0.5,"time":72.5},{"type":"extraTap","angle":0,"time":73.375},{"type":"extraTap","angle":0,"time":73.75},{"type":"extraTap","angle":0,"time":74.125},{"type":"mineHold","angle":270,"angle2":382.5,"duration":5,"time":73},{"type":"mineHold","angle":22.5,"angle2":135,"duration":5,"time":73},{"type":"mineHold","angle":270,"angle2":22.5,"duration":0,"time":73},{"type":"mineHold","angle":247.5,"angle2":67.5,"time":73.375,"duration":0,"speedMult":2},{"type":"mineHold","angle":247.5,"angle2":90,"time":73.75,"duration":0,"speedMult":2},{"type":"mineHold","angle":247.5,"angle2":90,"speedMult":2,"duration":0,"time":74.125},{"type":"extraTap","angle":360,"time":75.625},{"type":"extraTap","angle":360,"time":76},{"type":"extraTap","angle":360,"time":76.375},{"type":"mine","angle":315,"time":73.375},{"type":"mine","angle":0,"time":73.75},{"type":"mine","angle":22.5,"time":74.125},{"type":"mine","angle":45,"time":75.625},{"type":"mine","angle":0,"time":76},{"type":"mine","angle":67.5,"time":76.375},{"type":"mineHold","angle":292.5,"angle2":112.5,"time":75.625,"duration":0,"speedMult":2},{"type":"mineHold","angle":292.5,"angle2":135,"speedMult":2,"duration":0,"time":76},{"type":"mineHold","angle":315,"angle2":135,"speedMult":2,"duration":0,"time":76.375},{"type":"side","angle":22.5,"time":78.25},{"type":"mineHold","angle":337.5,"angle2":180,"duration":0,"time":78.25},{"type":"mineHold","angle":22.5,"angle2":-22.5,"duration":0.25,"time":78},{"type":"mineHold","angle":135,"angle2":180,"duration":0.25,"time":78},{"angle":0,"type":"block","tap":true,"time":78.875},{"angle":90,"type":"block","tap":true,"time":79.75},{"angle":270,"type":"block","tap":true,"time":80.625},{"angle":180,"type":"block","tap":true,"time":81.5},{"angle":270,"type":"block","tap":true,"time":82.375},{"type":"mineHold","angle":315,"angle2":45,"duration":0,"time":78.875},{"type":"mineHold","angle":45,"angle2":-225,"duration":0,"time":79.75},{"type":"mineHold","angle":225,"angle2":-45,"duration":0,"time":80.625},{"type":"mineHold","angle":135,"angle2":-135,"duration":0,"time":81.5},{"type":"mineHold","angle":315,"angle2":585,"duration":0,"time":82.375},{"angle":0,"type":"inverse","tap":true,"time":83.5},{"type":"mineHold","angle":315,"angle2":45,"duration":0,"time":83.5},{"angle":90,"type":"inverse","tap":true,"time":84.375},{"type":"mineHold","angle":45,"angle2":-225,"duration":0,"time":84.375},{"type":"mineHold","angle":45,"angle2":-225,"duration":0,"time":85.25},{"angle":180,"type":"inverse","tap":true,"time":86.125},{"type":"mineHold","angle":225,"angle2":495,"duration":0,"time":86.125},{"type":"mineHold","angle":315,"angle2":45,"duration":0,"time":87},{"angle":90,"type":"inverse","tap":true,"time":85.25},{"angle":0,"type":"inverse","tap":true,"time":87},{"angle":180,"type":"block","tap":true,"time":88.125},{"angle":270,"type":"block","tap":true,"time":89},{"angle":270,"type":"inverse","tap":true,"time":89.875},{"type":"mineHold","angle":225,"angle2":495,"duration":0,"time":88.125},{"type":"mineHold","angle":225,"angle2":-45,"duration":0,"time":89},{"type":"mineHold","angle":225,"angle2":-45,"duration":0,"time":89.875},{"angle":180,"type":"inverse","tap":true,"time":90.75},{"type":"mineHold","angle":225,"angle2":495,"duration":0,"time":90.75},{"angle":0,"type":"block","tap":true,"time":91.625},{"type":"mineHold","angle":315,"angle2":45,"duration":0,"time":91.625},{"type":"hold","angle":360,"angle2":270,"duration":0.625,"time":92.75},{"type":"hold","angle":247.5,"angle2":337.5,"duration":0.625,"time":93.625},{"type":"hold","angle":0,"angle2":180,"duration":0.625,"time":94.5},{"type":"extraTap","angle":157.5,"time":93.625},{"type":"extraTap","angle":157.5,"time":94.5},{"type":"extraTap","angle":157.5,"time":92.75},{"type":"mineHold","angle":180,"angle2":90,"duration":0.625,"time":92.75},{"type":"mineHold","angle":67.5,"angle2":157.5,"duration":0.625,"time":93.625},{"type":"mineHold","angle":180,"angle2":360,"duration":0.625,"time":94.5},{"type":"hold","angle":180,"angle2":180,"duration":0.375,"time":95.25},{"type":"mineHold","angle":360,"angle2":360,"duration":0.375,"time":95.25},{"type":"block","angle":0,"time":15.625}]