{"properties":{"startingBeat":-2,"formatversion":14,"speed":180,"offset":8},"events":[{"bpm":100,"offset":0,"file":"Otonoke by Creepy Nuts (DANDADAN Opening).ogg","time":0,"type":"play","angle":360,"volume":1},{"color":0,"angle":360,"g":109,"r":0,"type":"setColor","b":93,"time":-3},{"color":1,"angle":180,"g":0,"r":60,"type":"setColor","b":0,"time":-3},{"type":"showResults","angle":360,"time":97.625},{"type":"paddles","angle":360,"paddle":1,"ease":"linear","duration":2,"newWidth":40,"time":13.5},{"angle":180,"paddle":2,"newAngle":180,"duration":2,"enabled":true,"time":13.5,"ease":"linear","type":"paddles","newWidth":40},{"type":"paddles","angle":360,"paddle":2,"ease":"linear","duration":2,"newAngle":0,"time":33.625},{"angle":360,"paddle":2,"ease":"linear","type":"paddles","duration":0,"enabled":false,"time":35.625},{"angle":360,"paddle":1,"ease":"linear","type":"paddles","duration":0,"enabled":false,"time":48.5},{"angle":360,"newWidth":40,"ease":"linear","duration":2,"enabled":true,"time":52.625,"type":"paddles","paddle":1},{"sx":1.7500002384186,"angle":270,"drawLayer":"bg","sy":1.7500002384186,"x":100,"y":0,"time":-3,"sprite":"BG_otonoke.png","recolor":7,"type":"deco","id":"1"},{"sx":0.79999995231628,"angle":90,"sy":0.79999995231628,"drawLayer":"bg","x":10,"y":190,"time":-3,"sprite":"BG_DanDaDan.png","recolor":7,"type":"deco","id":"2"},{"b":150,"angle":45,"g":166,"r":11,"type":"setColor","color":7,"time":-3}]}