[{"angle":0,"type":"block","time":1},{"angle":45,"type":"block","time":2},{"angle":112.5,"type":"block","time":3},{"angle":157.5,"type":"block","time":4},{"angle":22.5,"type":"block","time":5.5},{"angle":360,"type":"block","time":6},{"angle":337.5,"type":"block","time":6.5},{"angle":315,"type":"block","time":7},{"angle":225,"type":"block","time":8},{"angle":292.5,"type":"block","time":9},{"angle":225,"type":"hold","time":10,"angle2":202.5,"duration":0},{"angle":135,"type":"block","time":11},{"angle":180,"type":"block","time":12},{"angle":247.5,"type":"block","time":13},{"angle":180,"type":"block","time":14},{"angle":67.5,"type":"block","time":15},{"angle":315,"type":"hold","time":16,"angle2":292.5,"duration":0},{"angle":225,"type":"block","time":17.25},{"angle":45,"type":"block","time":18.25},{"angle":337.5,"type":"block","time":23.5,"speedMult":1},{"angle":315,"type":"block","time":23.833333969116},{"angle":22.5,"type":"block","time":24.166666030884},{"angle":0,"type":"block","time":24.5},{"angle":337.5,"type":"block","time":24.833333969116},{"angle":360,"type":"block","time":23.166666030884},{"angle":292.5,"type":"hold","time":25.166666030884,"angle2":225,"duration":0.83333331346512},{"angle":292.5,"type":"block","time":27.333333969116},{"angle":270,"type":"block","time":27.666666030884},{"angle":247.5,"type":"block","time":28},{"angle":292.5,"type":"block","time":28.333333969116},{"angle":315,"type":"block","time":28.666666030884},{"angle":337.5,"type":"block","time":29},{"angle":22.5,"type":"hold","time":29.333333969116,"angle2":90,"duration":0.66666662693024},{"angle":270,"type":"hold","time":31.333333969116,"angle2":270,"duration":0.66666668653488},{"angle":270,"type":"hold","time":32,"angle2":315,"duration":0.33333331346512},{"angle":315,"type":"hold","time":32.333332061768,"angle2":236.25,"duration":0.33300000429153},{"angle":236.25,"type":"hold","time":32.666667938232,"angle2":315,"duration":0.33300000429153},{"angle":315,"type":"hold","time":33,"angle2":236.25,"duration":0.33000001311302},{"angle":202.5,"type":"block","time":34},{"angle":157.5,"type":"block","time":34.666667938232},{"angle":90,"type":"hold","time":35.5,"angle2":90,"duration":0.66666668653488},{"angle":90,"type":"hold","time":36.166667938232,"angle2":135,"duration":0.3333332836628},{"angle":135,"type":"hold","time":36.5,"angle2":56.25,"duration":0.3333332836628},{"angle":56.25,"type":"hold","time":36.833332061768,"angle2":135,"duration":0.33333325386047},{"angle":135,"type":"hold","time":37.166667938232,"angle2":56.25,"duration":0.3333332836628},{"angle":0,"type":"block","time":38.166667938232},{"angle":315,"type":"block","time":38.833332061768},{"angle":270,"type":"hold","time":39.666667938232,"angle2":270,"duration":0.66666668653488},{"angle":270,"type":"hold","time":40.333332061768,"angle2":315,"duration":0.33333325386047},{"angle":315,"type":"hold","time":40.666667938232,"angle2":225,"duration":0.3333332836628},{"angle":225,"type":"hold","time":41,"angle2":315,"duration":0.3333332836628},{"angle":315,"type":"hold","time":41.333332061768,"angle2":236.25,"duration":0.3333332836628},{"angle":202.5,"type":"block","time":42.333332061768},{"angle":112.5,"type":"block","time":43},{"angle":90,"type":"hold","time":43.833332061768,"angle2":90,"duration":0.66666662693024},{"angle":90,"type":"hold","time":44.5,"angle2":135,"duration":0.33333325386047},{"angle":135,"type":"hold","time":44.833332061768,"angle2":45,"duration":0.33333325386047},{"angle":0,"type":"block","time":45.833332061768},{"angle":270,"type":"block","time":46.5},{"angle":22.5,"type":"block","time":47.166667938232},{"angle":337.5,"angle2":202.5,"type":"hold","time":47.833332061768,"holdEase":"inSine","duration":0.66699993610382},{"angle":0,"angle2":427.5,"type":"mineHold","time":20,"holdEase":"inOutSine","duration":3},{"angle":315,"type":"mineHold","time":18,"angle2":180,"duration":1},{"angle":90,"type":"block","time":49.333332061768},{"angle":22.5,"type":"hold","time":50,"angle2":-67.5,"duration":1},{"angle":315,"type":"block","time":51.166667938232},{"angle":247.5,"type":"block","time":51.666667938232},{"angle":225,"angle2":720,"type":"hold","time":51.833332061768,"holdEase":"inOutQuad","duration":4.3330001831055},{"angle":45,"type":"block","time":56.666667938232},{"angle":135,"type":"block","time":57.333332061768},{"angle":67.5,"angle2":-45,"type":"hold","time":58,"holdEase":"inSine","duration":1.3329999446869},{"angle":292.5,"type":"block","time":59.5},{"angle":225,"type":"block","time":60},{"angle":247.5,"angle2":337.5,"type":"hold","time":60.166667938232,"holdEase":"inSine","duration":0.66699999570847},{"angle":225,"angle2":292.5,"type":"hold","time":61.5,"holdEase":"inSine","duration":0.66666662693024},{"angle":337.5,"angle2":-90,"type":"hold","time":62.833332061768,"holdEase":"inOutSine","duration":1.5003333091736},{"angle":337.5,"type":"block","time":65},{"angle":112.5,"type":"block","time":65.666664123535},{"angle":45,"angle2":-22.5,"type":"hold","time":66.333335876465,"holdEase":"inSine","duration":1.1663333177567},{"angle":22.5,"type":"block","time":67.666664123535},{"angle":281.25,"type":"block","time":68.166664123535},{"angle":292.5,"angle2":765,"type":"hold","time":68.333335876465,"holdEase":"inQuad","duration":2.1663331985474},{"angle":337.5,"type":"block","time":71.166664123535},{"angle":247.5,"type":"block","time":71.666664123535},{"angle":292.5,"type":"hold","time":72.333335876465,"angle2":540,"duration":1.6666665077209},{"angle":315,"type":"block","time":75.333335876465},{"angle":0,"type":"hold","time":76,"angle2":45,"duration":0.66666662693024},{"angle":360,"type":"block","time":77.333335876465},{"angle":292.5,"type":"block","time":78.333335876465},{"angle":270,"type":"block","time":78.666664123535},{"angle":67.5,"type":"block","time":81.333335876465},{"angle":0,"type":"block","time":82},{"angle":112.5,"type":"block","time":82.666664123535},{"angle":202.5,"type":"block","time":84.166664123535},{"angle":337.5,"type":"mineHold","time":78.5,"angle2":888.75,"duration":2.6666667461395},{"angle":258.75,"type":"mineHold","time":84.166664123535,"angle2":652.5,"duration":1.4999998807907},{"angle":22.5,"type":"block","time":85.666664123535},{"angle":315,"type":"block","time":86.333335876465},{"angle":225,"type":"block","time":87},{"angle":315,"type":"block","time":88.166664123535},{"angle":22.5,"type":"mineHold","time":88.333335876465,"angle2":-337.5,"duration":1.9999997615814},{"angle":337.5,"type":"block","time":89.666664123535},{"angle":247.5,"type":"block","time":90.333335876465},{"angle":360,"type":"block","time":91},{"angle":348.75,"type":"block","time":92.333335876465},{"angle":67.5,"type":"block","time":95},{"angle":157.5,"type":"block","time":96.666664123535},{"angle":225,"type":"block","time":97.833335876465},{"angle":180,"type":"block","time":98.5},{"angle":315,"type":"block","time":99.166664123535},{"angle":11.25,"type":"hold","time":100.66666412354,"angle2":-33.75,"duration":0.66666662693024},{"angle":236.25,"type":"block","time":102},{"angle":303.75,"type":"block","time":102.66666412354},{"angle":247.5,"type":"hold","time":103.66666412354,"angle2":202.5,"duration":1},{"angle":236.25,"type":"block","time":104},{"angle":270,"type":"hold","time":105,"angle2":202.5,"duration":0.33333325386047},{"angle":135,"type":"block","time":106},{"angle":67.5,"type":"block","time":106.66666412354},{"angle":315,"type":"block","time":108.16666412354},{"angle":247.5,"type":"block","time":108.83333587646},{"angle":22.5,"type":"hold","time":107.33333587646,"angle2":-22.5,"duration":0.33333325386047},{"angle":0,"type":"block","time":107.5},{"angle":225,"type":"hold","time":103.33333587646,"angle2":247.5,"duration":0.33333325386047},{"angle":236.25,"type":"block","time":103.5},{"angle":45,"type":"hold","time":100,"angle2":90,"duration":0.33333325386047},{"angle":67.5,"type":"block","time":100.16666412354},{"angle":112.5,"type":"hold","time":95.833335876465,"angle2":67.5,"duration":0.33333325386047},{"angle":90,"type":"block","time":96},{"angle":22.5,"type":"block","time":94.333335876465},{"angle":90,"type":"block","time":93.333335876465},{"angle":281.25,"type":"hold","time":91.666664123535,"angle2":303.75,"duration":0.33333325386047},{"angle":292.5,"type":"block","time":91.833335876465},{"angle":258.75,"type":"hold","time":87.5,"angle2":281.25,"duration":0.33333325386047},{"angle":270,"type":"block","time":87.666664123535},{"angle":191.25,"type":"hold","time":83.5,"angle2":168.75,"duration":0.33333325386047},{"angle":180,"type":"block","time":83.666664123535},{"angle":225,"type":"hold","time":74.5,"angle2":270,"duration":0.33333325386047},{"angle":247.5,"type":"block","time":74.666664123535},{"angle":247.5,"type":"hold","time":26.5,"angle2":270,"duration":0.33333325386047},{"angle":258.75,"type":"block","time":26.666666030884},{"angle":45,"type":"hold","time":30.666666030884,"angle2":22.5,"duration":0.33333325386047},{"angle":33.75,"type":"block","time":30.833333969116},{"angle":112.5,"type":"block","time":93.666664123535},{"angle":67.5,"type":"block","time":93},{"angle":0,"type":"block","time":94},{"angle":45,"type":"block","time":94.5},{"angle":292.5,"type":"hold","time":109.5,"angle2":337.5,"duration":0.33333325386047},{"angle":315,"type":"block","time":109.66666412354},{"angle":45,"angle2":292.5,"type":"hold","time":110.16666412354,"holdEase":"inSine","duration":1.1666666269302},{"angle":247.5,"type":"block","time":111.66666412354},{"angle":45,"type":"block","time":114.33333587646},{"angle":90,"type":"hold","time":113.66666412354,"angle2":67.5,"duration":0},{"angle":292.5,"type":"block","time":115},{"angle":202.5,"type":"block","time":115.66666412354},{"angle":270,"type":"hold","time":116.33333587646,"angle2":292.5,"duration":0.33333325386047},{"angle":281.25,"type":"block","time":116.5},{"angle":315,"type":"block","time":117},{"angle":0,"type":"block","time":118.33333587646},{"angle":0,"type":"mine","time":117},{"angle":337.5,"type":"mine","time":117.33333587646},{"angle":315,"type":"mine","time":117.66666412354},{"angle":292.5,"type":"mine","time":118},{"angle":45,"type":"block","time":119},{"angle":292.5,"type":"block","time":119.66666412354},{"angle":191.25,"type":"hold","time":120.33333587646,"angle2":168.75,"duration":0.33333325386047},{"angle":180,"type":"block","time":120.5},{"angle":146.25,"type":"block","time":121.16666412354},{"angle":90,"type":"mine","time":121},{"angle":112.5,"type":"mine","time":121.33333587646},{"angle":135,"type":"mine","time":121.66666412354},{"angle":157.5,"type":"mine","time":122},{"angle":112.5,"type":"block","time":122.5},{"angle":180,"type":"mine","time":122.33333587646},{"angle":270,"type":"mine","time":118.33333587646},{"angle":45,"type":"block","time":123.16666412354},{"angle":315,"type":"block","time":123.83333587646},{"angle":67.5,"type":"hold","time":124.5,"angle2":90,"duration":0.33333325386047},{"angle":78.75,"type":"block","time":124.66666412354},{"angle":112.5,"type":"block","time":125.33333587646},{"angle":56.25,"angle2":168.75,"type":"hold","time":126,"holdEase":"inSine","duration":1.3333333730698},{"angle":258.75,"type":"block","time":128},{"angle":180,"type":"block","time":129},{"angle":157.5,"type":"block","time":129.33332824707},{"angle":135,"type":"block","time":129.66667175293},{"angle":270,"type":"block","time":130.66667175293},{"angle":315,"type":"block","time":131.33332824707},{"angle":225,"type":"block","time":132},{"angle":157.5,"type":"hold","time":132.83332824707,"angle2":135,"duration":0.3333332836628},{"angle":146.25,"type":"block","time":133},{"angle":112.5,"type":"block","time":133.5},{"angle":45,"type":"block","time":134.33332824707},{"angle":337.5,"type":"block","time":135},{"angle":225,"type":"block","time":135.66667175293},{"angle":292.5,"type":"hold","time":136.33332824707,"angle2":360,"duration":0.66666662693024},{"angle":247.5,"type":"hold","time":138,"angle2":270,"duration":0.3333332836628},{"angle":225,"type":"block","time":139},{"angle":157.5,"type":"block","time":139.66667175293},{"angle":135,"type":"hold","time":140.5,"angle2":157.5,"duration":0.33333334326744},{"angle":146.25,"type":"block","time":140.66667175293},{"angle":180,"type":"block","time":141.16667175293},{"angle":202.5,"type":"block","time":141.83332824707},{"angle":292.5,"type":"block","tap":true,"time":142.5},{"angle":247.5,"type":"block","tap":true,"time":142.5},{"angle":258.75,"type":"block","tap":true,"time":142.5},{"angle":270,"type":"block","tap":true,"time":142.5},{"angle":281.25,"type":"block","tap":true,"time":142.5},{"angle":180,"angle2":180,"type":"mineHold","time":142.33332824707,"speedMult":2,"duration":3.9999997615814},{"angle":360,"angle2":360,"type":"mineHold","time":142.33332824707,"speedMult":2,"duration":3.9999997615814},{"angle":202.5,"type":"mine","time":142.5},{"angle":337.5,"type":"mine","time":142.5},{"angle":90,"type":"mine","time":142.5},{"angle":78.75,"type":"mine","time":142.5},{"angle":67.5,"type":"mine","time":142.5},{"angle":101.25,"type":"mine","time":142.5},{"angle":112.5,"type":"mine","time":142.5},{"angle":157.5,"type":"mine","time":142.5},{"angle":315,"type":"block","spinEase":"inSine","time":143.16667175293,"tap":true},{"angle":22.5,"type":"mine","time":142.5},{"angle":225,"angle2":247.5,"spinEase":"inSine","startTap":true,"endTap":true,"type":"hold","time":143.83332824707,"duration":0},{"angle":315,"type":"block","spinEase":"inSine","time":144.5,"tap":true},{"angle":247.5,"type":"block","spinEase":"inSine","time":145.16667175293,"tap":true},{"angle":315,"type":"block","spinEase":"inSine","time":145.83332824707,"tap":true},{"angle":202.5,"type":"block","time":147.16667175293},{"angle":360,"type":"block","time":147.83332824707},{"angle":292.5,"type":"block","tap":true,"time":148.5},{"angle":247.5,"type":"hold","time":149.83332824707,"angle2":180,"duration":0.16666658222675},{"angle":270,"type":"hold","angle2":202.5,"time":150.5,"endTap":true,"duration":0.16666658222675},{"angle":247.5,"type":"mine","time":147.16667175293},{"angle":270,"type":"mine","time":147.16667175293},{"angle":292.5,"type":"mine","time":147.16667175293},{"angle":337.5,"type":"mine","time":149.33332824707},{"angle":0,"type":"mine","time":149.33332824707},{"angle":22.5,"type":"mine","time":149.33332824707},{"angle":90,"type":"mine","time":150},{"angle":112.5,"type":"mine","time":150},{"angle":45,"type":"mine","time":150},{"angle":270,"type":"extraTap","time":146.5},{"angle":225,"type":"mine","time":151.33332824707},{"angle":202.5,"type":"mine","time":151.33332824707},{"angle":247.5,"type":"mine","time":151.33332824707},{"angle":157.5,"type":"mine","time":152},{"angle":135,"type":"mine","time":152},{"angle":112.5,"type":"mine","time":152},{"angle":270,"type":"extraTap","time":152.66667175293},{"angle":292.5,"type":"mine","time":153.33332824707},{"angle":315,"type":"mine","time":153.33332824707},{"angle":337.5,"type":"mine","time":153.33332824707},{"angle":45,"type":"mine","time":154},{"angle":67.5,"type":"mine","time":154},{"angle":90,"type":"mine","time":154},{"angle":270,"type":"extraTap","time":154.66667175293},{"angle":337.5,"type":"block","time":155.33332824707},{"angle":135,"type":"block","time":156},{"angle":67.5,"type":"mine","time":156},{"angle":45,"type":"mine","time":156},{"angle":22.5,"type":"mine","time":156},{"angle":202.5,"type":"mine","time":155.33332824707},{"angle":247.5,"type":"mine","time":155.33332824707},{"angle":225,"type":"mine","time":155.33332824707},{"angle":45,"type":"mine","time":147.83332824707},{"angle":90,"type":"mine","time":147.83332824707},{"angle":67.5,"type":"mine","time":147.83332824707},{"angle":90,"type":"block","time":158.16667175293},{"angle":112.5,"type":"block","time":158.66667175293},{"angle":112.5,"type":"mine","time":157.33332824707},{"angle":157.5,"type":"mine","time":157.33332824707},{"angle":135,"type":"mine","time":157.33332824707},{"angle":180,"type":"mine","time":158},{"angle":225,"type":"mine","time":158},{"angle":202.5,"type":"mine","time":158},{"angle":315,"type":"block","time":160.16667175293},{"angle":202.5,"type":"mine","time":160.33332824707},{"angle":180,"type":"mine","time":160.33332824707},{"angle":157.5,"type":"mine","time":160.33332824707},{"angle":180,"type":"mine","time":159.66667175293},{"angle":157.5,"type":"mine","time":159.66667175293},{"angle":135,"type":"mine","time":159.66667175293},{"angle":247.5,"type":"mine","time":161.66667175293},{"angle":270,"type":"mine","time":161.66667175293},{"angle":225,"type":"mine","time":161.66667175293},{"angle":337.5,"type":"mine","time":162.33332824707},{"angle":315,"type":"mine","time":162.33332824707},{"angle":292.5,"type":"mine","time":162.33332824707},{"angle":270,"type":"extraTap","time":163},{"angle":270,"angle2":427.5,"time":156.66667175293,"startTap":true,"type":"hold","duration":1.3333333730698},{"angle":135,"type":"hold","time":158.83332824707,"angle2":45,"duration":0.66666662693024},{"angle":270,"type":"hold","time":161,"startTap":true,"angle2":517.5,"duration":0.66666662693024},{"angle":337.5,"type":"block","time":163.66667175293},{"angle":157.5,"type":"block","time":164.33332824707},{"angle":270,"type":"mine","time":163.66667175293},{"angle":292.5,"type":"mine","time":163.66667175293},{"angle":247.5,"type":"mine","time":163.66667175293},{"angle":67.5,"type":"mine","time":164.33332824707},{"angle":90,"type":"mine","time":164.33332824707},{"angle":112.5,"type":"mine","time":164.33332824707},{"angle":292.5,"type":"block","tap":true,"time":143.16667175293},{"angle":292.5,"type":"block","tap":true,"time":144.5},{"angle":225,"type":"block","tap":true,"time":145.16667175293},{"angle":292.5,"type":"block","tap":true,"time":145.83332824707},{"angle":270,"type":"block","tap":true,"time":165},{"angle":90,"type":"block","time":166.16667175293},{"angle":67.5,"type":"hold","time":166.33332824707,"angle2":-67.5,"duration":0.49999994039536},{"angle":337.5,"type":"mine","time":165.66667175293},{"angle":22.5,"type":"mine","time":165.66667175293},{"angle":0,"type":"mine","time":165.66667175293},{"angle":157.5,"type":"mine","time":166.33332824707},{"angle":180,"type":"mine","time":166.33332824707},{"angle":202.5,"type":"mine","time":166.33332824707},{"angle":247.5,"angle2":472.5,"startTap":true,"endTap":true,"type":"hold","time":167,"holdEase":"inSine","duration":2.1666665077209},{"angle":180,"type":"mine","time":167.66667175293},{"angle":225,"type":"mine","time":167.66667175293},{"angle":202.5,"type":"mine","time":167.66667175293},{"angle":112.5,"type":"mine","time":168.33332824707},{"angle":135,"type":"mine","time":168.33332824707},{"angle":157.5,"type":"mine","time":168.33332824707},{"angle":337.5,"type":"block","time":169.83332824707},{"angle":202.5,"type":"block","time":170.5},{"angle":292.5,"type":"hold","time":171.33332824707,"startTap":true,"angle2":540,"duration":1.3333332538605},{"angle":180,"type":"mine","time":169.66667175293},{"angle":157.5,"type":"mine","time":169.66667175293},{"angle":135,"type":"mine","time":169.66667175293},{"angle":360,"type":"mine","time":170.33332824707},{"angle":22.5,"type":"mine","time":170.33332824707},{"angle":45,"type":"mine","time":170.33332824707},{"angle":225,"angle2":247.5,"type":"hold","time":173,"endTap":false,"duration":0.33333325386047},{"angle":236.25,"type":"block","time":173.16667175293},{"angle":315,"type":"block","time":174},{"angle":225,"type":"mine","time":172},{"angle":202.5,"type":"mine","time":172},{"angle":180,"type":"mine","time":172},{"angle":67.5,"type":"mine","time":172.66667175293},{"angle":45,"type":"mine","time":172.66667175293},{"angle":22.5,"type":"mine","time":172.66667175293},{"angle":157.5,"type":"block","time":175},{"angle":135,"angle2":292.5,"time":175.33332824707,"startTap":true,"type":"hold","duration":0.66666662693024},{"angle":360,"type":"hold","endTap":true,"angle2":-22.5,"time":177.33332824707,"holdEase":"linear","duration":1.9999998807907},{"angle":270,"type":"mine","time":174},{"angle":247.5,"type":"mine","time":174},{"angle":247.5,"type":"mine","time":174},{"angle":225,"type":"mine","time":174},{"angle":67.5,"type":"mine","time":174.66667175293},{"angle":45,"type":"mine","time":174.66667175293},{"angle":22.5,"type":"mine","time":174.66667175293},{"angle":157.5,"type":"mine","time":176},{"angle":135,"type":"mine","time":176},{"angle":112.5,"type":"mine","time":176},{"angle":225,"type":"mine","time":177},{"angle":270,"type":"mine","time":177},{"angle":270,"type":"mine","time":177},{"angle":247.5,"type":"mine","time":177},{"angle":45,"type":"block","time":177},{"angle":247.5,"type":"block","time":180},{"angle":90,"type":"block","time":180.66667175293},{"angle":180,"type":"hold","time":182,"angle2":270,"duration":0.3333332836628},{"angle":0,"type":"block","time":181.33332824707},{"angle":225,"type":"block","time":182.66667175293},{"angle":225,"type":"block","time":182.16667175293},{"angle":90,"type":"block","time":184.16667175293},{"angle":180,"type":"block","time":184.83332824707},{"angle":0,"type":"block","time":185.5},{"angle":90,"type":"hold","time":186.16667175293,"angle2":180,"duration":0.3333332836628},{"angle":135,"type":"block","time":186.33332824707},{"angle":225,"type":"block","time":186.83332824707},{"angle":90,"type":"block","time":213},{"angle":22.5,"type":"block","time":213.66667175293},{"angle":270,"type":"mine","time":213},{"angle":202.5,"type":"mine","time":213.66667175293},{"angle":315,"type":"hold","time":214.33332824707,"angle2":405,"duration":1.1666667461395},{"angle":22.5,"type":"block","time":215.66667175293},{"angle":135,"type":"mineHold","time":214.33332824707,"angle2":225,"duration":1.1670000553131},{"angle":202.5,"type":"mine","time":215.66667175293},{"angle":270,"type":"block","time":216.16667175293},{"angle":90,"type":"mine","time":216.16667175293},{"angle":292.5,"type":"hold","time":216.33332824707,"angle2":1192.5,"duration":5},{"angle":112.5,"type":"mineHold","time":216.33332824707,"angle2":1012.5,"duration":5},{"angle":270,"type":"extraTap","time":214.33332824707},{"angle":270,"type":"extraTap","time":216.33332824707},{"angle":0,"type":"block","time":188.33332824707},{"angle":157.5,"type":"block","time":189},{"angle":22.5,"type":"block","time":189.66667175293},{"angle":90,"type":"hold","time":190.3333384196,"angle2":0,"duration":0.3333332836628},{"angle":45,"type":"block","time":190.49999491374},{"angle":337.5,"type":"block","time":191},{"angle":247.5,"angle2":112.5,"type":"hold","time":191.66667175293,"holdEase":"inQuad","duration":1.3333333730698},{"angle":225,"type":"block","time":193.66667175293},{"angle":0,"type":"block","time":195},{"angle":22.5,"type":"block","time":195.33332824707},{"angle":45,"type":"block","time":195.66667175293},{"angle":180,"type":"block","time":196.66667175293},{"angle":67.5,"type":"block","time":197.33332824707},{"angle":247.5,"type":"block","tap":true,"time":198},{"angle":292.5,"type":"hold","time":198.66667175293,"angle2":337.5,"duration":0.3333332836628},{"angle":315,"type":"block","time":198.83332824707},{"angle":0,"type":"block","time":199.33332824707},{"angle":135,"type":"block","time":200},{"angle":45,"type":"block","time":200.66667175293},{"angle":202.5,"type":"block","time":201.33332824707},{"angle":292.5,"type":"block","time":202},{"angle":202.5,"angle2":67.5,"type":"hold","time":202.66667175293,"holdEase":"inQuart","duration":1.1666667461395},{"angle":112.5,"type":"block","time":204},{"angle":337.5,"type":"block","time":204.66667175293},{"angle":225,"type":"block","time":205.33332824707},{"angle":270,"type":"block","time":206.16667175293},{"angle":202.5,"type":"block","time":206.83332824707},{"angle":135,"type":"block","time":207.5},{"angle":360,"type":"block","time":208.16667175293},{"angle":22.5,"type":"block","time":208.5},{"angle":45,"type":"block","time":208.83332824707},{"angle":180,"type":"hold","time":209.83332824707,"angle2":135,"duration":0.3333332836628},{"angle":22.5,"type":"block","time":222},{"angle":315,"type":"hold","time":222.66667175293,"angle2":427.5,"duration":1},{"angle":22.5,"type":"block","time":223.83332824707},{"angle":202.5,"type":"mine","time":222},{"angle":135,"type":"mineHold","time":222.66667175293,"angle2":247.5,"duration":1},{"angle":202.5,"type":"mine","time":223.83332824707},{"angle":270,"type":"extraTap","time":222.66667175293},{"angle":292.5,"type":"block","time":224.33332824707},{"angle":270,"angle2":202.5,"type":"hold","time":224.66667175293,"holdEase":"inSine","duration":0.66666662693024},{"angle":135,"angle2":202.5,"type":"hold","time":226,"holdEase":"inSine","duration":0.66666662693024},{"angle":270,"angle2":292.5,"type":"hold","time":227.33332824707,"holdEase":"inElastic","duration":1},{"angle":112.5,"type":"mine","time":224.33332824707},{"angle":90,"type":"mineHold","angle2":22.5,"time":224.66667175293,"holdEase":"inSine","duration":0.66666662693024},{"angle":315,"type":"mineHold","angle2":382.5,"time":226,"holdEase":"inSine","duration":0.66666662693024},{"angle":90,"type":"mineHold","time":227.33332824707,"angle2":90,"duration":1},{"angle":247.5,"type":"extraTap","time":227.33332824707},{"angle":292.5,"type":"extraTap","time":224.66667175293},{"angle":270,"type":"extraTap","time":226},{"angle":202.5,"type":"block","time":229.33332824707},{"angle":112.5,"type":"block","time":230},{"angle":0,"type":"hold","time":230.66667175293,"angle2":112.5,"duration":1.3333333730698},{"angle":67.5,"type":"block","time":232.16667175293},{"angle":157.5,"type":"block","time":232.5},{"angle":180,"type":"hold","time":232.66667175293,"angle2":315,"duration":2.3333332538605},{"angle":22.5,"type":"mine","time":229.33332824707},{"angle":292.5,"type":"mine","time":230},{"angle":180,"type":"mineHold","time":230.66667175293,"angle2":292.5,"duration":1.3333332538605},{"angle":247.5,"type":"mine","time":232.16667175293},{"angle":337.5,"type":"mine","time":232.5},{"angle":360,"type":"mineHold","time":232.66667175293,"angle2":495,"duration":2.3329999446869},{"angle":270,"type":"extraTap","time":230.66667175293},{"angle":225,"type":"block","time":235.66667175293},{"angle":315,"type":"block","time":236.33332824707},{"angle":180,"type":"hold","time":238.33332824707,"angle2":157.5,"duration":0.16666658222675},{"angle":157.5,"type":"hold","time":238.5,"angle2":202.5,"duration":0.16666652262211},{"angle":67.5,"type":"hold","time":237,"angle2":180,"duration":1.3333332538605},{"angle":202.5,"type":"hold","time":238.66667175293,"angle2":67.5,"duration":1},{"angle":67.5,"type":"hold","time":239.66667175293,"angle2":202.5,"duration":1},{"angle":225,"type":"hold","time":241,"angle2":270,"duration":0.66666662693024},{"angle":337.5,"type":"hold","time":243,"angle2":247.5,"duration":0.33333325386047},{"angle":45,"type":"mine","time":235.66667175293},{"angle":135,"type":"mine","time":236.33332824707},{"angle":247.5,"type":"mineHold","time":237,"angle2":360,"duration":1.3333333730698},{"angle":0,"type":"mine","time":238.83332824707},{"angle":22.5,"type":"mine","time":238.66667175293},{"angle":337.5,"type":"mine","time":239},{"angle":247.5,"type":"mine","time":239.66667175293},{"angle":22.5,"type":"mine","time":240.33332824707},{"angle":45,"type":"mineHold","time":241,"angle2":90,"duration":0.66666662693024},{"angle":157.5,"type":"mineHold","time":243,"angle2":67.5,"duration":0.33333325386047},{"angle":270,"type":"extraTap","time":245.33332824707},{"angle":225,"type":"block","time":246},{"angle":270,"type":"block","time":246.66667175293},{"angle":315,"angle2":247.5,"type":"hold","time":247.33332824707,"holdEase":"inSine","duration":1},{"angle":337.5,"type":"block","time":249},{"angle":315,"angle2":270,"type":"hold","time":249.16667175293,"holdEase":"inSine","duration":1.3333332538605},{"angle":270,"type":"hold","time":250.5,"angle2":292.5,"duration":0.33333325386047},{"angle":292.5,"type":"hold","time":250.83332824707,"angle2":247.5,"duration":0.16666658222675},{"angle":225,"type":"hold","time":251.33332824707,"angle2":270,"duration":0.66666662693024},{"angle":315,"type":"block","time":252.66667175293},{"angle":90,"type":"block","time":254.83332824707},{"angle":45,"type":"hold","time":253.33332824707,"angle2":135,"duration":1.3333332538605},{"angle":0,"type":"block","time":255.5},{"angle":292.5,"type":"block","time":256.16665649414},{"angle":22.5,"type":"block","time":256.83334350586},{"angle":360,"type":"block","time":258.16665649414},{"angle":315,"type":"block","time":258.83334350586},{"angle":45,"type":"block","time":259.5},{"angle":360,"type":"block","time":260.16665649414},{"angle":315,"type":"block","time":260.83334350586},{"angle":45,"type":"block","time":257.5},{"angle":292.5,"type":"block","time":248.5},{"angle":45,"type":"mine","time":246},{"angle":90,"type":"mine","time":246.5},{"angle":135,"type":"mine","time":247.33332824707},{"angle":45,"type":"mine","time":248},{"angle":67.5,"type":"mine","time":247.83332824707},{"angle":22.5,"type":"mine","time":248.16667175293},{"angle":90,"type":"mine","time":248.5},{"angle":180,"type":"mine","time":250},{"angle":112.5,"type":"mine","time":250.66667175293},{"angle":45,"type":"mine","time":251.33332824707},{"angle":157.5,"type":"mine","time":252.16667175293},{"angle":180,"type":"mine","time":252.33332824707},{"angle":135,"type":"mine","time":252},{"angle":135,"type":"mine","time":252.66667175293},{"angle":247.5,"type":"mine","time":254},{"angle":315,"type":"mine","time":254.66667175293},{"angle":180,"type":"mine","time":255.33332824707},{"angle":112.5,"type":"mine","time":256.16665649414},{"angle":135,"type":"mine","time":256.33334350586},{"angle":157.5,"type":"mine","time":256.5},{"angle":202.5,"type":"mine","time":256.83334350586},{"angle":225,"type":"mine","time":257.5},{"angle":135,"type":"mine","time":258.83334350586},{"angle":247.5,"type":"mine","time":259.5},{"angle":90,"type":"mine","time":261.16665649414},{"angle":135,"type":"mine","time":260.83334350586},{"angle":112.5,"type":"mine","time":261},{"angle":270,"type":"block","time":262.33334350586},{"angle":202.5,"type":"block","time":263},{"angle":135,"type":"block","time":263.66665649414},{"angle":247.5,"type":"block","time":264.5},{"angle":202.5,"type":"block","time":264.83334350586},{"angle":225,"type":"block","time":264.66665649414},{"angle":180,"type":"block","time":265.16665649414},{"angle":90,"type":"block","time":265.83334350586},{"angle":157.5,"type":"block","time":266.5},{"angle":247.5,"type":"block","time":267.16665649414},{"angle":225,"type":"block","time":267.83334350586},{"angle":202.5,"type":"hold","time":268.5,"angle2":135,"duration":0.66666662693024},{"angle":202.5,"type":"hold","time":269.5,"angle2":157.5,"duration":0.33333325386047},{"angle":225,"type":"block","time":270.5},{"angle":270,"type":"block","time":271.16665649414},{"angle":225,"type":"block","time":271.83334350586},{"angle":292.5,"type":"block","time":272.5},{"angle":202.5,"type":"block","time":273.16665649414},{"angle":67.5,"type":"block","time":274},{"angle":90,"type":"block","time":274.33334350586},{"angle":112.5,"type":"hold","time":274.66665649414,"angle2":202.5,"duration":0.66666662693024},{"angle":157.5,"type":"block","time":275.66665649414},{"angle":202.5,"type":"hold","time":276,"angle2":382.5,"duration":1.9999998807907},{"angle":90,"type":"mine","time":262.33334350586},{"angle":22.5,"type":"mine","time":263},{"angle":315,"type":"mineHold","time":263.66665649414,"angle2":405,"duration":1.3333333730698},{"angle":360,"type":"mine","time":265.16665649414},{"angle":292.5,"type":"mine","time":265.66665649414},{"angle":270,"type":"mineHold","time":265.83334350586,"angle2":427.5,"duration":1.3333332538605},{"angle":45,"type":"mine","time":267.33334350586},{"angle":22.5,"type":"mine","time":267.5},{"angle":45,"type":"mineHold","time":267.83334350586,"angle2":-45,"duration":0.66666662693024},{"angle":22.5,"type":"mineHold","time":269.5,"angle2":-22.5,"duration":0.33333325386047},{"angle":45,"type":"mine","time":270.5},{"angle":90,"type":"mine","time":271.16665649414},{"angle":45,"type":"mine","time":271.83334350586},{"angle":22.5,"type":"mine","time":272},{"angle":0,"type":"mine","time":272.16665649414},{"angle":45,"type":"mine","time":272.5},{"angle":315,"type":"mine","time":273.16665649414},{"angle":247.5,"type":"mine","time":274},{"angle":270,"type":"mine","time":274.16665649414},{"angle":292.5,"type":"mine","time":274.33334350586},{"angle":337.5,"type":"mine","time":274.66665649414},{"angle":337.5,"type":"mine","time":275.66665649414},{"angle":22.5,"type":"mineHold","time":276,"angle2":202.5,"duration":1.9999997615814},{"angle":315,"type":"block","time":278.83334350586},{"angle":45,"type":"block","time":279.5},{"angle":157.5,"type":"hold","time":280.16665649414,"angle2":180,"duration":0.16666658222675},{"angle":247.5,"type":"hold","time":280.83334350586,"angle2":270,"duration":0.16666658222675},{"angle":270,"type":"hold","time":281,"angle2":225,"duration":0.16666667163372},{"angle":202.5,"type":"block","time":281.5},{"angle":315,"type":"block","time":282.16665649414},{"angle":67.5,"type":"block","time":282.83334350586},{"angle":337.5,"type":"block","time":283.5},{"angle":180,"type":"block","time":284.16665649414},{"angle":112.5,"type":"block","time":284.83334350586},{"angle":0,"type":"hold","time":286.16665649414,"angle2":-22.5,"duration":0.33333319425583},{"angle":247.5,"type":"block","time":287.33334350586},{"angle":135,"type":"block","time":288},{"angle":22.5,"type":"block","time":289},{"angle":90,"type":"block","time":289.83334350586},{"angle":360,"type":"block","time":290.66665649414},{"angle":360,"type":"block","time":293.66665649414},{"angle":270,"type":"block","time":294.83334350586},{"angle":180,"type":"block","time":296},{"angle":90,"type":"block","time":297},{"angle":0,"type":"block","time":298.16665649414},{"angle":112.5,"type":"block","time":299.66665649414},{"angle":360,"type":"block","time":300.33334350586},{"angle":270,"type":"hold","time":301.16665649414,"angle2":247.5,"duration":0.33333325386047},{"angle":202.5,"type":"block","time":302.66665649414},{"angle":67.5,"type":"block","time":304},{"angle":270,"type":"block","time":304.83334350586},{"angle":315,"type":"block","time":305.33334350586},{"angle":337.5,"type":"block","time":305.5},{"angle":0,"type":"block","time":305.66665649414},{"angle":22.5,"type":"block","time":305.83334350586},{"angle":45,"type":"block","time":306},{"angle":270,"type":"block","tap":true,"time":187.66667175293},{"angle":135,"type":"block","tap":true,"time":183.5}]