{"events":[{"angle":90,"type":"play","time":0.25,"file":"Creator.ogg","volume":1,"bpm":90},{"angle":180,"type":"setBPM","time":10,"bpm":85},{"angle":202.5,"type":"setBPM","time":13,"bpm":80},{"angle":157.5,"type":"setBPM","time":14,"bpm":78},{"angle":112.5,"type":"setBPM","time":15,"bpm":76},{"angle":337.5,"type":"setBPM","time":16,"bpm":70},{"angle":270,"type":"setColor","color":1,"r":255,"g":255,"time":-2,"b":255},{"angle":247.5,"type":"setColor","color":0,"r":0,"g":0,"time":-2,"b":0},{"angle":225,"type":"setBgColor","color":0,"time":-2},{"angle":157.5,"type":"setBPM","time":19,"bpm":111},{"angle":22.5,"type":"setColor","ease":"inOutSine","g":232,"color":1,"r":180,"b":189,"time":19,"duration":2.5},{"angle":45,"type":"setColor","ease":"inOutSine","g":139,"color":0,"r":216,"b":55,"time":19,"duration":2.5},{"angle":247.5,"type":"ease","ease":"inSine","value":1.5,"var":"scrollSpeed","time":142,"duration":1},{"angle":112.5,"type":"ease","value":1.2999999523163,"var":"vfx.canvPos.sx","time":-2},{"angle":90,"type":"ease","value":1.2999999523163,"var":"vfx.canvPos.sy","time":-2},{"angle":45,"type":"ease","value":0.89999997615814,"var":"scrollSpeed","time":-2},{"angle":315,"type":"ease","ease":"inOutQuad","value":1,"var":"vfx.canvPos.sy","time":19,"duration":4},{"angle":315,"type":"ease","ease":"inOutQuad","value":1,"var":"vfx.canvPos.sx","time":19,"duration":4},{"angle":270,"type":"ease","ease":"inSine","value":1,"var":"scrollSpeed","time":19,"duration":2},{"angle":270,"type":"ease","ease":"inOutElastic","value":1.2000000476837,"var":"vfx.canvPos.sx","time":142,"duration":1},{"angle":292.5,"type":"ease","ease":"inOutElastic","value":1.2000000476837,"var":"vfx.canvPos.sy","time":142,"duration":1},{"angle":247.5,"type":"ease","ease":"inOutElastic","value":1,"var":"vfx.canvPos.sx","time":146,"duration":1},{"angle":225,"type":"ease","ease":"inOutElastic","value":1,"var":"vfx.canvPos.sy","time":146,"duration":1},{"angle":360,"type":"setColor","ease":"inOutSine","g":25,"color":0,"r":13,"b":38,"time":142,"duration":1.5},{"angle":360,"type":"setColor","ease":"inOutSine","g":191,"color":1,"r":81,"b":191,"time":142,"duration":1.5},{"angle":337.5,"type":"forcePlayerSprite","time":142,"spriteName":"miss"},{"angle":315,"type":"forcePlayerSprite","time":146.5,"spriteName":""},{"angle":45,"type":"setColor","ease":"inOutSine","g":255,"color":1,"r":255,"b":255,"time":290.5,"duration":2.5},{"angle":67.5,"type":"setColor","color":0,"g":0,"ease":"inOutSine","r":0,"b":0,"time":290,"duration":3.5},{"angle":315,"type":"ease","ease":"inOutSine","value":1.5,"var":"vfx.canvPos.sx","time":290,"duration":4},{"angle":292.5,"type":"ease","ease":"inOutSine","value":1.5,"var":"vfx.canvPos.sy","time":290,"duration":4},{"angle":270,"type":"ease","value":0.80000001192093,"var":"scrollSpeed","time":291},{"angle":247.5,"type":"setBPM","time":291,"bpm":90},{"angle":22.5,"type":"setColor","color":1,"g":232,"ease":"inOutSine","r":180,"b":189,"time":277,"duration":4},{"angle":45,"type":"setColor","color":0,"g":139,"ease":"inOutSine","r":216,"b":55,"time":277,"duration":4},{"angle":337.5,"type":"ease","ease":"inOutQuad","value":1,"var":"vfx.canvPos.sy","time":277,"duration":4},{"angle":315,"type":"ease","ease":"inOutQuad","value":1,"var":"vfx.canvPos.sx","time":277,"duration":4},{"angle":270,"type":"ease","ease":"inOutBack","value":1,"var":"scrollSpeed","time":277.5,"duration":1.4999992847443},{"angle":0,"type":"showResults","time":307}],"properties":{"speed":70,"startingBeat":-2,"loadBeat":-2,"formatversion":14,"offset":8}}