[{"time":0,"drawLayer":"bg","oy":12,"type":"deco","id":"ear1","outline":true,"ox":9,"r":-50,"sprite":"imallears1.png","x":280,"y":170,"angle":33.75},{"time":0.00099945068359375,"ease":"outBack","type":"deco","id":"ear1","angle":45,"duration":1,"r":0,"x":285,"y":162},{"time":0,"angle":56.25,"drawLayer":"bg","oy":12,"type":"deco","id":"ear2","outline":true,"ox":9,"r":50,"sprite":"imallears1.png","x":320,"y":170,"sx":-1},{"time":0.00099945068359375,"ease":"outBack","type":"deco","id":"ear2","angle":67.5,"duration":1,"r":0,"x":315,"y":162}]