[{"sx":1.5,"type":"deco","x":300,"y":360,"sprite":"nya.png","id":"nya1","angle":213.75,"ox":22,"time":0,"drawLayer":"bg","sy":1.5,"oy":10},{"r":15,"type":"deco","duration":1,"y":230,"time":0.00099945068399876,"ease":"outSine","id":"nya1","angle":208.125},{"r":-30,"type":"deco","duration":1.5,"y":400,"time":1,"ease":"inQuad","id":"nya1","angle":213.75},{"type":"deco","x":400,"time":0.00099945068399876,"duration":2.5,"id":"nya1","angle":202.5},{"sx":1.5,"type":"deco","x":150,"y":360,"sprite":"nya.png","id":"nya2","angle":191.25,"ox":22,"oy":10,"sy":1.5,"time":0,"drawLayer":"bg"},{"r":-25,"type":"deco","duration":1,"y":150,"time":0.00099945068399876,"ease":"outSine","id":"nya2","angle":185.625},{"r":10,"type":"deco","duration":1.5,"y":400,"time":1,"ease":"inQuad","id":"nya2","angle":191.25},{"duration":2.5,"x":20,"time":0.00099945068399876,"type":"deco","id":"nya2","angle":180},{"sx":1.5,"type":"deco","x":450,"y":360,"sprite":"nya.png","id":"nya3","drawLayer":"bg","ox":22,"oy":10,"sy":1.5,"time":0,"angle":168.75},{"r":-12,"type":"deco","duration":1,"y":140,"time":0.00099945068399876,"ease":"outSine","id":"nya3","angle":163.125},{"r":10,"type":"deco","duration":1.5,"y":400,"time":1,"ease":"inQuad","id":"nya3","angle":168.75},{"type":"deco","x":350,"time":0.00099945068359375,"duration":2.5,"id":"nya3","angle":157.5}]