[{"sx":1.5,"type":"deco","x":175,"y":360,"sprite":"nya.png","id":"nya4","drawLayer":"bg","ox":22,"time":0,"sy":1.5,"angle":213.75,"oy":10},{"r":-15,"type":"deco","duration":1,"y":200,"time":0.00099945068359375,"ease":"outSine","id":"nya4","angle":208.125},{"r":30,"type":"deco","duration":1.5,"y":400,"time":1,"ease":"inQuad","id":"nya4","angle":213.75},{"duration":2,"x":200,"time":0.00099945068359375,"type":"deco","id":"nya4","angle":202.5},{"sx":1.5,"type":"deco","x":500,"y":360,"sprite":"nya.png","id":"nya5","angle":191.25,"ox":22,"time":0,"drawLayer":"bg","oy":10,"sy":1.5},{"r":-10,"type":"deco","duration":1,"y":250,"time":0.00099945068359375,"ease":"outSine","id":"nya5","angle":185.625},{"r":25,"type":"deco","duration":1.5,"y":400,"time":1,"ease":"inQuad","id":"nya5","angle":191.25},{"duration":2.5,"x":600,"time":0.00099945068359375,"type":"deco","id":"nya5","angle":180},{"sx":1.5,"type":"deco","x":270,"y":360,"sprite":"nya.png","id":"nya6","angle":168.75,"ox":22,"oy":10,"sy":1.5,"time":0,"drawLayer":"bg"},{"r":10,"type":"deco","duration":1,"y":140,"time":0.00099945068359375,"ease":"outSine","id":"nya6","angle":163.125},{"r":-50,"type":"deco","duration":1.5,"y":400,"time":1,"ease":"inQuad","id":"nya6","angle":168.75},{"duration":3,"x":20,"time":0.00099945068359375,"type":"deco","id":"nya6","angle":157.5}]