[{"sx":1.5,"type":"deco","x":450,"y":400,"sprite":"nya.png","id":"nya7","drawLayer":"bg","ox":22,"time":0,"sy":1.5,"angle":213.75,"oy":10},{"r":15,"type":"deco","duration":1,"y":200,"time":0.00099945068359375,"ease":"outSine","id":"nya7","angle":208.125},{"r":-30,"type":"deco","duration":1.5,"y":400,"time":1,"ease":"inQuad","id":"nya7","angle":213.75},{"duration":2.5,"x":250,"time":0.00099945068359375,"type":"deco","id":"nya7","angle":202.5},{"sx":1.5,"type":"deco","x":300,"y":400,"sprite":"nya.png","id":"nya8","drawLayer":"bg","ox":22,"oy":10,"angle":191.25,"time":0,"sy":1.5},{"r":-25,"type":"deco","duration":1,"y":150,"time":0.00099945068359375,"ease":"outSine","id":"nya8","angle":185.625},{"r":10,"type":"deco","duration":1.5,"y":400,"time":1,"ease":"inQuad","id":"nya8","angle":191.25},{"type":"deco","x":250,"time":0.00099945068359375,"duration":2.5,"id":"nya8","angle":180},{"sx":1.5,"type":"deco","x":10,"y":400,"sprite":"nya.png","id":"nya9","drawLayer":"bg","ox":22,"time":0,"angle":168.75,"oy":10,"sy":1.5},{"r":-10,"type":"deco","duration":1,"y":250,"time":0.00099945068359375,"ease":"outSine","id":"nya9","angle":163.125},{"r":12,"type":"deco","duration":1.5,"y":400,"time":1,"ease":"inQuad","id":"nya9","angle":168.75},{"duration":2.5,"x":500,"time":0.00099945068359375,"type":"deco","id":"nya9","angle":157.5}]