[{"sx":1.5,"type":"deco","x":600,"y":400,"sprite":"nya.png","id":"nya10","drawLayer":"bg","ox":22,"time":0,"sy":1.5,"angle":213.75,"oy":10},{"r":30,"type":"deco","duration":1,"y":160,"time":0.00099945068359375,"ease":"outSine","id":"nya10","angle":208.125},{"r":-15,"type":"deco","duration":1.5,"y":400,"time":1,"ease":"inQuad","id":"nya10","angle":213.75},{"type":"deco","x":340,"time":0.00099945068359375,"duration":2.5,"id":"nya10","angle":202.5},{"sx":1.5,"type":"deco","x":250,"y":400,"sprite":"nya.png","id":"nya11","angle":191.25,"ox":22,"oy":10,"drawLayer":"bg","sy":1.5,"time":0},{"r":-10,"type":"deco","duration":1,"y":200,"time":0.00099945068359375,"ease":"outSine","id":"nya11","angle":185.625},{"r":25,"type":"deco","duration":1.5,"y":400,"time":1,"ease":"inQuad","id":"nya11","angle":191.25},{"type":"deco","x":100,"time":0.00099945068359375,"duration":2.5,"id":"nya11","angle":180},{"sx":1.5,"type":"deco","x":120,"y":400,"sprite":"nya.png","id":"nya12","angle":168.75,"ox":22,"time":0,"drawLayer":"bg","sy":1.5,"oy":10},{"r":-12,"type":"deco","duration":1,"y":140,"time":0.00099945068359375,"ease":"outSine","id":"nya12","angle":163.125},{"r":10,"type":"deco","duration":1.5,"y":400,"time":1,"ease":"inQuad","id":"nya12","angle":168.75},{"type":"deco","x":300,"time":0.00099945068359375,"duration":2.5,"id":"nya12","angle":157.5}]