[{"sx":1.5,"type":"deco","x":300,"y":400,"sprite":"nya.png","id":"nya13","angle":213.75,"ox":22,"oy":10,"time":0,"sy":1.5,"drawLayer":"bg"},{"r":15,"type":"deco","duration":1,"y":200,"time":0.00099945068359375,"ease":"outSine","id":"nya13","angle":208.125},{"r":-30,"type":"deco","duration":1.5,"y":400,"time":1,"ease":"inQuad","id":"nya13","angle":213.75},{"type":"deco","x":250,"time":0.00099945068359375,"duration":2.5,"id":"nya13","angle":202.5},{"sx":1.5,"type":"deco","x":450,"y":400,"sprite":"nya.png","id":"nya14","drawLayer":"bg","ox":22,"time":0,"angle":191.25,"oy":10,"sy":1.5},{"r":25,"type":"deco","duration":1,"y":180,"time":0.00099945068359375,"ease":"outSine","id":"nya14","angle":185.625},{"r":-10,"type":"deco","duration":1.5,"y":400,"time":1,"ease":"inQuad","id":"nya14","angle":191.25},{"duration":2.5,"x":700,"time":0.00099945068359375,"type":"deco","id":"nya14","angle":180},{"sx":1.5,"type":"deco","x":200,"y":400,"sprite":"nya.png","id":"nya15","angle":168.75,"ox":22,"time":0,"drawLayer":"bg","oy":10,"sy":1.5},{"r":-10,"type":"deco","duration":1,"y":220,"time":0.00099945068359375,"ease":"outSine","id":"nya15","angle":163.125},{"r":12,"type":"deco","duration":1.5,"y":400,"time":1,"ease":"inQuad","id":"nya15","angle":168.75},{"type":"deco","x":-10,"time":0.00099945068359375,"duration":2.5,"id":"nya15","angle":157.5}]