{"properties":{"offset":8,"formatversion":13,"speed":162,"startBeat":0},"metadata":{"bgData":{"greenChannel":{"g":226,"r":83,"b":57},"yellowChannel":{"g":230,"r":230,"b":46},"magentaChannel":{"g":255,"r":255,"b":255},"cyanChannel":{"g":255,"r":255,"b":255},"image":"HatsuneLeeku.png","redChannel":{"g":18,"r":231,"b":18},"blueChannel":{"g":245,"r":17,"b":229}},"songName":"Levan Polka","bg":true,"artist":"Eino Kettunen","difficulty":4,"charter":"Jayce","artistLink":"","description":"Leek Spin!!!!!!!"},"events":[{"id":"","type":"deco","drawLayer":"bg","x":272,"y":12,"angle":180,"sprite":"Hatsune.png","time":-1.5,"recolor":-1},{"g":255,"type":"setColor","time":-1.5,"b":255,"r":0,"angle":135,"color":3},{"g":134,"type":"setColor","time":-1.5,"b":134,"r":240,"angle":112.5,"color":2},{"type":"play","file":"Levan Polka.ogg","volume":1.6000001430511,"offset":0.10000002384186,"bpm":119,"angle":180,"time":-0},{"type":"setColor","time":-1.5,"g":255,"angle":90,"color":4},{"g":230,"type":"setColor","time":-1.5,"b":0,"r":255,"angle":67.5,"color":5},{"ease":"linear","type":"paddles","duration":0,"time":-1.5,"angle":270,"paddle":1},{"type":"forcePlayerSprite","spriteName":"Leek.png","time":-1.5,"angle":315},{"value":40,"type":"ease","time":-1.5,"angle":337.5,"var":"p.lookRadius"},{"value":0.49999982118607,"type":"ease","time":-1.5,"angle":0,"var":"p.drawScale"},{"value":0,"type":"ease","time":-1.5,"angle":22.5,"var":"p.paddleDistance"},{"id":"","type":"deco","drawLayer":"bg","x":272,"y":12,"angle":180,"sprite":"Hatsune.png","time":-7,"recolor":-1},{"g":255,"type":"setColor","time":-7,"b":255,"r":0,"angle":135,"color":3},{"g":134,"type":"setColor","time":-7,"b":134,"r":240,"angle":112.5,"color":2},{"type":"setColor","time":-7,"g":255,"angle":90,"color":4},{"g":230,"type":"setColor","time":-7,"b":0,"r":255,"angle":67.5,"color":5},{"ease":"linear","type":"paddles","duration":0,"time":-7,"angle":270,"paddle":1},{"type":"forcePlayerSprite","spriteName":"Leek.png","time":-7,"angle":315},{"value":40,"type":"ease","time":-7,"angle":337.5,"var":"p.lookRadius"},{"value":0.49999982118607,"type":"ease","time":-7,"angle":0,"var":"p.drawScale"},{"value":0,"type":"ease","time":-7,"angle":22.5,"var":"p.paddleDistance"},{"id":"","type":"deco","drawLayer":"bg","x":272,"y":12,"angle":180,"sprite":"Hatsune.png","time":-15.5,"recolor":-1},{"g":255,"type":"setColor","time":-15.5,"b":255,"r":0,"angle":135,"color":3},{"g":134,"type":"setColor","time":-15.5,"b":134,"r":240,"angle":112.5,"color":2},{"type":"setColor","time":-15.5,"g":255,"angle":90,"color":4},{"g":230,"type":"setColor","time":-15.5,"b":0,"r":255,"angle":67.5,"color":5},{"ease":"linear","type":"paddles","duration":0,"time":-15.5,"angle":270,"paddle":1},{"type":"forcePlayerSprite","spriteName":"Leek.png","time":-15.5,"angle":315},{"value":40,"type":"ease","time":-15.5,"angle":337.5,"var":"p.lookRadius"},{"value":0.49999982118607,"type":"ease","time":-15.5,"angle":0,"var":"p.drawScale"},{"value":0,"type":"ease","time":-15.5,"angle":22.5,"var":"p.paddleDistance"},{"time":290,"type":"showResults","angle":0}]}