[{"angle":0,"time":1,"type":"block"},{"angle":45,"time":2,"type":"block"},{"angle":112.5,"time":3,"type":"block"},{"angle":157.5,"time":4,"type":"block"},{"angle":22.5,"time":5.5,"type":"block"},{"angle":360,"time":6,"type":"block"},{"angle":337.5,"time":6.5,"type":"block"},{"angle":315,"time":7,"type":"block"},{"angle":225,"time":8,"type":"block"},{"angle":292.5,"time":9,"type":"block"},{"duration":0,"time":10,"angle":225,"angle2":202.5,"type":"hold"},{"angle":135,"time":11,"type":"block"},{"angle":180,"time":12,"type":"block"},{"angle":247.5,"time":13,"type":"block"},{"angle":180,"time":14,"type":"block"},{"angle":67.5,"time":15,"type":"block"},{"duration":0,"time":16,"angle":315,"angle2":292.5,"type":"hold"},{"angle":225,"time":17.25,"type":"block"},{"angle":45,"time":18.25,"type":"block"},{"time":23.5,"speedMult":1,"angle":337.5,"type":"block"},{"angle":315,"time":23.833333969116,"type":"block"},{"angle":22.5,"time":24.166666030884,"type":"block"},{"angle":0,"time":24.5,"type":"block"},{"angle":337.5,"time":24.833333969116,"type":"block"},{"angle":360,"time":23.166666030884,"type":"block"},{"duration":0.83333331346512,"time":25.166666030884,"angle":292.5,"angle2":225,"type":"hold"},{"angle":292.5,"time":27.333333969116,"type":"block"},{"angle":270,"time":27.666666030884,"type":"block"},{"angle":247.5,"time":28,"type":"block"},{"angle":292.5,"time":28.333333969116,"type":"block"},{"angle":315,"time":28.666666030884,"type":"block"},{"angle":337.5,"time":29,"type":"block"},{"duration":0.66666662693024,"time":29.333333969116,"angle":22.5,"angle2":90,"type":"hold"},{"duration":0.66666668653488,"time":31.333333969116,"angle":270,"angle2":270,"type":"hold"},{"duration":0.33333331346512,"time":32,"angle":270,"angle2":315,"type":"hold"},{"duration":0.33300000429153,"time":32.333332061768,"angle":315,"angle2":236.25,"type":"hold"},{"duration":0.33300000429153,"time":32.666667938232,"angle":236.25,"angle2":315,"type":"hold"},{"duration":0.33000001311302,"time":33,"angle":315,"angle2":236.25,"type":"hold"},{"angle":202.5,"time":34,"type":"block"},{"angle":157.5,"time":34.666667938232,"type":"block"},{"duration":0.66666668653488,"time":35.5,"angle":90,"angle2":90,"type":"hold"},{"duration":0.3333332836628,"time":36.166667938232,"angle":90,"angle2":135,"type":"hold"},{"duration":0.3333332836628,"time":36.5,"angle":135,"angle2":56.25,"type":"hold"},{"duration":0.33333325386047,"time":36.833332061768,"angle":56.25,"angle2":135,"type":"hold"},{"duration":0.3333332836628,"time":37.166667938232,"angle":135,"angle2":56.25,"type":"hold"},{"angle":0,"time":38.166667938232,"type":"block"},{"angle":315,"time":38.833332061768,"type":"block"},{"duration":0.66666668653488,"time":39.666667938232,"angle":270,"angle2":270,"type":"hold"},{"duration":0.33333325386047,"time":40.333332061768,"angle":270,"angle2":315,"type":"hold"},{"duration":0.3333332836628,"time":40.666667938232,"angle":315,"angle2":225,"type":"hold"},{"duration":0.3333332836628,"time":41,"angle":225,"angle2":315,"type":"hold"},{"duration":0.3333332836628,"time":41.333332061768,"angle":315,"angle2":236.25,"type":"hold"},{"angle":202.5,"time":42.333332061768,"type":"block"},{"angle":112.5,"time":43,"type":"block"},{"duration":0.66666662693024,"time":43.833332061768,"angle":90,"angle2":90,"type":"hold"},{"duration":0.33333325386047,"time":44.5,"angle":90,"angle2":135,"type":"hold"},{"duration":0.33333325386047,"time":44.833332061768,"angle":135,"angle2":45,"type":"hold"},{"angle":0,"time":45.833332061768,"type":"block"},{"angle":270,"time":46.5,"type":"block"},{"angle":22.5,"time":47.166667938232,"type":"block"},{"duration":0.66699993610382,"time":47.833332061768,"holdEase":"inSine","angle":337.5,"angle2":202.5,"type":"hold"},{"duration":3,"time":20,"holdEase":"inOutSine","angle":0,"angle2":427.5,"type":"mineHold"},{"duration":1,"time":18,"angle":315,"angle2":180,"type":"mineHold"},{"angle":90,"time":49.333332061768,"type":"block"},{"duration":1,"time":50,"angle":22.5,"angle2":-67.5,"type":"hold"},{"angle":315,"time":51.166667938232,"type":"block"},{"angle":247.5,"time":51.666667938232,"type":"block"},{"duration":4.3330001831055,"time":51.833332061768,"holdEase":"inOutQuad","angle":225,"angle2":720,"type":"hold"},{"angle":45,"time":56.666667938232,"type":"block"},{"angle":135,"time":57.333332061768,"type":"block"},{"duration":1.3329999446869,"time":58,"holdEase":"inSine","angle":67.5,"angle2":-45,"type":"hold"},{"angle":292.5,"time":59.5,"type":"block"},{"angle":225,"time":60,"type":"block"},{"duration":0.66699999570847,"time":60.166667938232,"holdEase":"inSine","angle":247.5,"angle2":337.5,"type":"hold"},{"duration":0.66666662693024,"time":61.5,"holdEase":"inSine","angle":225,"angle2":292.5,"type":"hold"},{"duration":1.5003333091736,"time":62.833332061768,"holdEase":"inOutSine","angle":337.5,"angle2":-90,"type":"hold"},{"angle":337.5,"time":65,"type":"block"},{"angle":112.5,"time":65.666664123535,"type":"block"},{"duration":1.1663333177567,"time":66.333335876465,"holdEase":"inSine","angle":45,"angle2":-22.5,"type":"hold"},{"angle":22.5,"time":67.666664123535,"type":"block"},{"angle":281.25,"time":68.166664123535,"type":"block"},{"duration":2.1663331985474,"time":68.333335876465,"holdEase":"inQuad","angle":292.5,"angle2":765,"type":"hold"},{"angle":337.5,"time":71.166664123535,"type":"block"},{"angle":247.5,"time":71.666664123535,"type":"block"},{"duration":1.6666665077209,"time":72.333335876465,"angle":292.5,"angle2":540,"type":"hold"},{"angle":315,"time":75.333335876465,"type":"block"},{"duration":0.66666662693024,"time":76,"angle":0,"angle2":45,"type":"hold"},{"angle":360,"time":77.333335876465,"type":"block"},{"angle":292.5,"time":78.333335876465,"type":"block"},{"angle":270,"time":78.666664123535,"type":"block"},{"angle":67.5,"time":81.333335876465,"type":"block"},{"angle":0,"time":82,"type":"block"},{"angle":112.5,"time":82.666664123535,"type":"block"},{"angle":202.5,"time":84.166664123535,"type":"block"},{"duration":2.6666667461395,"time":78.5,"angle":337.5,"angle2":888.75,"type":"mineHold"},{"duration":1.4999998807907,"time":84.166664123535,"angle":258.75,"angle2":652.5,"type":"mineHold"},{"angle":22.5,"time":85.666664123535,"type":"block"},{"angle":315,"time":86.333335876465,"type":"block"},{"angle":225,"time":87,"type":"block"},{"angle":315,"time":88.166664123535,"type":"block"},{"duration":1.9999997615814,"time":88.333335876465,"angle":22.5,"angle2":-337.5,"type":"mineHold"},{"angle":337.5,"time":89.666664123535,"type":"block"},{"angle":247.5,"time":90.333335876465,"type":"block"},{"angle":360,"time":91,"type":"block"},{"angle":348.75,"time":92.333335876465,"type":"block"},{"angle":67.5,"time":95,"type":"block"},{"angle":157.5,"time":96.666664123535,"type":"block"},{"angle":225,"time":97.833335876465,"type":"block"},{"angle":180,"time":98.5,"type":"block"},{"angle":315,"time":99.166664123535,"type":"block"},{"duration":0.66666662693024,"time":100.66666412354,"angle":11.25,"angle2":-33.75,"type":"hold"},{"angle":236.25,"time":102,"type":"block"},{"angle":303.75,"time":102.66666412354,"type":"block"},{"duration":1,"time":103.66666412354,"angle":247.5,"angle2":202.5,"type":"hold"},{"angle":236.25,"time":104,"type":"block"},{"duration":0.33333325386047,"time":105,"angle":270,"angle2":202.5,"type":"hold"},{"angle":135,"time":106,"type":"block"},{"angle":67.5,"time":106.66666412354,"type":"block"},{"angle":315,"time":108.16666412354,"type":"block"},{"angle":247.5,"time":108.83333587646,"type":"block"},{"duration":0.33333325386047,"time":107.33333587646,"angle":22.5,"angle2":-22.5,"type":"hold"},{"angle":0,"time":107.5,"type":"block"},{"duration":0.33333325386047,"time":103.33333587646,"angle":225,"angle2":247.5,"type":"hold"},{"angle":236.25,"time":103.5,"type":"block"},{"duration":0.33333325386047,"time":100,"angle":45,"angle2":90,"type":"hold"},{"angle":67.5,"time":100.16666412354,"type":"block"},{"duration":0.33333325386047,"time":95.833335876465,"angle":112.5,"angle2":67.5,"type":"hold"},{"angle":90,"time":96,"type":"block"},{"angle":22.5,"time":94.333335876465,"type":"block"},{"angle":90,"time":93.333335876465,"type":"block"},{"duration":0.33333325386047,"time":91.666664123535,"angle":281.25,"angle2":303.75,"type":"hold"},{"angle":292.5,"time":91.833335876465,"type":"block"},{"duration":0.33333325386047,"time":87.5,"angle":258.75,"angle2":281.25,"type":"hold"},{"angle":270,"time":87.666664123535,"type":"block"},{"duration":0.33333325386047,"time":83.5,"angle":191.25,"angle2":168.75,"type":"hold"},{"angle":180,"time":83.666664123535,"type":"block"},{"duration":0.33333325386047,"time":74.5,"angle":225,"angle2":270,"type":"hold"},{"angle":247.5,"time":74.666664123535,"type":"block"},{"duration":0.33333325386047,"time":26.5,"angle":247.5,"angle2":270,"type":"hold"},{"angle":258.75,"time":26.666666030884,"type":"block"},{"duration":0.33333325386047,"time":30.666666030884,"angle":45,"angle2":22.5,"type":"hold"},{"angle":33.75,"time":30.833333969116,"type":"block"},{"angle":112.5,"time":93.666664123535,"type":"block"},{"angle":67.5,"time":93,"type":"block"},{"angle":0,"time":94,"type":"block"},{"angle":45,"time":94.5,"type":"block"},{"duration":0.33333325386047,"time":109.5,"angle":292.5,"angle2":337.5,"type":"hold"},{"angle":315,"time":109.66666412354,"type":"block"},{"duration":1.1666666269302,"time":110.16666412354,"holdEase":"inSine","angle":45,"angle2":292.5,"type":"hold"},{"angle":247.5,"time":111.66666412354,"type":"block"},{"angle":45,"time":114.33333587646,"type":"block"},{"duration":0,"time":113.66666412354,"angle":90,"angle2":67.5,"type":"hold"},{"angle":292.5,"time":115,"type":"block"},{"angle":202.5,"time":115.66666412354,"type":"block"},{"duration":0.33333325386047,"time":116.33333587646,"angle":270,"angle2":292.5,"type":"hold"},{"angle":281.25,"time":116.5,"type":"block"},{"angle":315,"time":117,"type":"block"},{"angle":0,"time":118.33333587646,"type":"block"},{"angle":0,"time":117,"type":"mine"},{"angle":337.5,"time":117.33333587646,"type":"mine"},{"angle":315,"time":117.66666412354,"type":"mine"},{"angle":292.5,"time":118,"type":"mine"},{"angle":45,"time":119,"type":"block"},{"angle":292.5,"time":119.66666412354,"type":"block"},{"duration":0.33333325386047,"time":120.33333587646,"angle":191.25,"angle2":168.75,"type":"hold"},{"angle":180,"time":120.5,"type":"block"},{"angle":146.25,"time":121.16666412354,"type":"block"},{"angle":90,"time":121,"type":"mine"},{"angle":112.5,"time":121.33333587646,"type":"mine"},{"angle":135,"time":121.66666412354,"type":"mine"},{"angle":157.5,"time":122,"type":"mine"},{"angle":112.5,"time":122.5,"type":"block"},{"angle":180,"time":122.33333587646,"type":"mine"},{"angle":270,"time":118.33333587646,"type":"mine"},{"angle":45,"time":123.16666412354,"type":"block"},{"angle":315,"time":123.83333587646,"type":"block"},{"duration":0.33333325386047,"time":124.5,"angle":67.5,"angle2":90,"type":"hold"},{"angle":78.75,"time":124.66666412354,"type":"block"},{"angle":112.5,"time":125.33333587646,"type":"block"},{"duration":1.3333333730698,"time":126,"holdEase":"inSine","angle":56.25,"angle2":168.75,"type":"hold"},{"angle":258.75,"time":128,"type":"block"},{"angle":180,"time":129,"type":"block"},{"angle":157.5,"time":129.33332824707,"type":"block"},{"angle":135,"time":129.66667175293,"type":"block"},{"angle":270,"time":130.66667175293,"type":"block"},{"angle":315,"time":131.33332824707,"type":"block"},{"angle":225,"time":132,"type":"block"},{"duration":0.3333332836628,"time":132.83332824707,"angle":157.5,"angle2":135,"type":"hold"},{"angle":146.25,"time":133,"type":"block"},{"angle":112.5,"time":133.5,"type":"block"},{"angle":45,"time":134.33332824707,"type":"block"},{"angle":337.5,"time":135,"type":"block"},{"angle":225,"time":135.66667175293,"type":"block"},{"duration":0.66666662693024,"time":136.33332824707,"angle":292.5,"angle2":360,"type":"hold"},{"duration":0.3333332836628,"time":138,"angle":247.5,"angle2":270,"type":"hold"},{"angle":225,"time":139,"type":"block"},{"angle":157.5,"time":139.66667175293,"type":"block"},{"duration":0.33333334326744,"time":140.5,"angle":135,"angle2":157.5,"type":"hold"},{"angle":146.25,"time":140.66667175293,"type":"block"},{"angle":180,"time":141.16667175293,"type":"block"},{"angle":202.5,"time":141.83332824707,"type":"block"},{"time":142.5,"angle":292.5,"type":"block","tap":true},{"time":142.5,"angle":247.5,"type":"block","tap":true},{"time":142.5,"angle":258.75,"type":"block","tap":true},{"time":142.5,"angle":270,"type":"block","tap":true},{"time":142.5,"angle":281.25,"type":"block","tap":true},{"duration":3.9999997615814,"time":142.33332824707,"speedMult":2,"angle":180,"angle2":180,"type":"mineHold"},{"duration":3.9999997615814,"time":142.33332824707,"speedMult":2,"angle":360,"angle2":360,"type":"mineHold"},{"angle":202.5,"time":142.5,"type":"mine"},{"angle":337.5,"time":142.5,"type":"mine"},{"angle":90,"time":142.5,"type":"mine"},{"angle":78.75,"time":142.5,"type":"mine"},{"angle":67.5,"time":142.5,"type":"mine"},{"angle":101.25,"time":142.5,"type":"mine"},{"angle":112.5,"time":142.5,"type":"mine"},{"angle":157.5,"time":142.5,"type":"mine"},{"time":143.16667175293,"angle":315,"spinEase":"inSine","type":"block","tap":true},{"angle":22.5,"time":142.5,"type":"mine"},{"duration":0,"startTap":true,"spinEase":"inSine","time":143.83332824707,"angle":225,"angle2":247.5,"type":"hold","endTap":true},{"time":144.5,"angle":315,"spinEase":"inSine","type":"block","tap":true},{"time":145.16667175293,"angle":247.5,"spinEase":"inSine","type":"block","tap":true},{"time":145.83332824707,"angle":315,"spinEase":"inSine","type":"block","tap":true},{"angle":202.5,"time":147.16667175293,"type":"block"},{"angle":360,"time":147.83332824707,"type":"block"},{"time":148.5,"angle":292.5,"type":"block","tap":true},{"duration":0.16666658222675,"time":149.83332824707,"angle":247.5,"angle2":180,"type":"hold"},{"duration":0.16666658222675,"time":150.5,"angle":270,"angle2":202.5,"type":"hold","endTap":true},{"angle":247.5,"time":147.16667175293,"type":"mine"},{"angle":270,"time":147.16667175293,"type":"mine"},{"angle":292.5,"time":147.16667175293,"type":"mine"},{"angle":337.5,"time":149.33332824707,"type":"mine"},{"angle":0,"time":149.33332824707,"type":"mine"},{"angle":22.5,"time":149.33332824707,"type":"mine"},{"angle":90,"time":150,"type":"mine"},{"angle":112.5,"time":150,"type":"mine"},{"angle":45,"time":150,"type":"mine"},{"angle":270,"time":146.5,"type":"extraTap"},{"angle":225,"time":151.33332824707,"type":"mine"},{"angle":202.5,"time":151.33332824707,"type":"mine"},{"angle":247.5,"time":151.33332824707,"type":"mine"},{"angle":157.5,"time":152,"type":"mine"},{"angle":135,"time":152,"type":"mine"},{"angle":112.5,"time":152,"type":"mine"},{"angle":270,"time":152.66667175293,"type":"extraTap"},{"angle":292.5,"time":153.33332824707,"type":"mine"},{"angle":315,"time":153.33332824707,"type":"mine"},{"angle":337.5,"time":153.33332824707,"type":"mine"},{"angle":45,"time":154,"type":"mine"},{"angle":67.5,"time":154,"type":"mine"},{"angle":90,"time":154,"type":"mine"},{"angle":270,"time":154.66667175293,"type":"extraTap"},{"angle":337.5,"time":155.33332824707,"type":"block"},{"angle":135,"time":156,"type":"block"},{"angle":67.5,"time":156,"type":"mine"},{"angle":45,"time":156,"type":"mine"},{"angle":22.5,"time":156,"type":"mine"},{"angle":202.5,"time":155.33332824707,"type":"mine"},{"angle":247.5,"time":155.33332824707,"type":"mine"},{"angle":225,"time":155.33332824707,"type":"mine"},{"angle":45,"time":147.83332824707,"type":"mine"},{"angle":90,"time":147.83332824707,"type":"mine"},{"angle":67.5,"time":147.83332824707,"type":"mine"},{"angle":90,"time":158.16667175293,"type":"block"},{"angle":112.5,"time":158.66667175293,"type":"block"},{"angle":112.5,"time":157.33332824707,"type":"mine"},{"angle":157.5,"time":157.33332824707,"type":"mine"},{"angle":135,"time":157.33332824707,"type":"mine"},{"angle":180,"time":158,"type":"mine"},{"angle":225,"time":158,"type":"mine"},{"angle":202.5,"time":158,"type":"mine"},{"angle":315,"time":160.16667175293,"type":"block"},{"angle":202.5,"time":160.33332824707,"type":"mine"},{"angle":180,"time":160.33332824707,"type":"mine"},{"angle":157.5,"time":160.33332824707,"type":"mine"},{"angle":180,"time":159.66667175293,"type":"mine"},{"angle":157.5,"time":159.66667175293,"type":"mine"},{"angle":135,"time":159.66667175293,"type":"mine"},{"angle":247.5,"time":161.66667175293,"type":"mine"},{"angle":270,"time":161.66667175293,"type":"mine"},{"angle":225,"time":161.66667175293,"type":"mine"},{"angle":337.5,"time":162.33332824707,"type":"mine"},{"angle":315,"time":162.33332824707,"type":"mine"},{"angle":292.5,"time":162.33332824707,"type":"mine"},{"angle":270,"time":163,"type":"extraTap"},{"duration":1.3333333730698,"time":156.66667175293,"angle":270,"angle2":427.5,"startTap":true,"type":"hold"},{"duration":0.66666662693024,"time":158.83332824707,"angle":135,"angle2":45,"type":"hold"},{"duration":0.66666662693024,"time":161,"angle":270,"angle2":517.5,"type":"hold","startTap":true},{"angle":337.5,"time":163.66667175293,"type":"block"},{"angle":157.5,"time":164.33332824707,"type":"block"},{"angle":270,"time":163.66667175293,"type":"mine"},{"angle":292.5,"time":163.66667175293,"type":"mine"},{"angle":247.5,"time":163.66667175293,"type":"mine"},{"angle":67.5,"time":164.33332824707,"type":"mine"},{"angle":90,"time":164.33332824707,"type":"mine"},{"angle":112.5,"time":164.33332824707,"type":"mine"},{"time":143.16667175293,"angle":292.5,"type":"block","tap":true},{"time":144.5,"angle":292.5,"type":"block","tap":true},{"time":145.16667175293,"angle":225,"type":"block","tap":true},{"time":145.83332824707,"angle":292.5,"type":"block","tap":true},{"time":165,"angle":270,"type":"block","tap":true},{"angle":90,"time":166.16667175293,"type":"block"},{"duration":0.49999994039536,"time":166.33332824707,"angle":67.5,"angle2":-67.5,"type":"hold"},{"angle":337.5,"time":165.66667175293,"type":"mine"},{"angle":22.5,"time":165.66667175293,"type":"mine"},{"angle":0,"time":165.66667175293,"type":"mine"},{"angle":157.5,"time":166.33332824707,"type":"mine"},{"angle":180,"time":166.33332824707,"type":"mine"},{"angle":202.5,"time":166.33332824707,"type":"mine"},{"duration":2.1666665077209,"startTap":true,"time":167,"holdEase":"inSine","angle":247.5,"angle2":472.5,"type":"hold","endTap":true},{"angle":180,"time":167.66667175293,"type":"mine"},{"angle":225,"time":167.66667175293,"type":"mine"},{"angle":202.5,"time":167.66667175293,"type":"mine"},{"angle":112.5,"time":168.33332824707,"type":"mine"},{"angle":135,"time":168.33332824707,"type":"mine"},{"angle":157.5,"time":168.33332824707,"type":"mine"},{"angle":337.5,"time":169.83332824707,"type":"block"},{"angle":202.5,"time":170.5,"type":"block"},{"duration":1.3333332538605,"time":171.33332824707,"angle":292.5,"angle2":540,"type":"hold","startTap":true},{"angle":180,"time":169.66667175293,"type":"mine"},{"angle":157.5,"time":169.66667175293,"type":"mine"},{"angle":135,"time":169.66667175293,"type":"mine"},{"angle":360,"time":170.33332824707,"type":"mine"},{"angle":22.5,"time":170.33332824707,"type":"mine"},{"angle":45,"time":170.33332824707,"type":"mine"},{"duration":0.33333325386047,"time":173,"angle":225,"angle2":247.5,"type":"hold","endTap":false},{"angle":236.25,"time":173.16667175293,"type":"block"},{"angle":315,"time":174,"type":"block"},{"angle":225,"time":172,"type":"mine"},{"angle":202.5,"time":172,"type":"mine"},{"angle":180,"time":172,"type":"mine"},{"angle":67.5,"time":172.66667175293,"type":"mine"},{"angle":45,"time":172.66667175293,"type":"mine"},{"angle":22.5,"time":172.66667175293,"type":"mine"},{"angle":157.5,"time":175,"type":"block"},{"duration":0.66666662693024,"time":175.33332824707,"angle":135,"angle2":292.5,"startTap":true,"type":"hold"},{"duration":1.9999998807907,"time":177.33332824707,"holdEase":"linear","angle":360,"angle2":-22.5,"type":"hold","endTap":true},{"angle":270,"time":174,"type":"mine"},{"angle":247.5,"time":174,"type":"mine"},{"angle":247.5,"time":174,"type":"mine"},{"angle":225,"time":174,"type":"mine"},{"angle":67.5,"time":174.66667175293,"type":"mine"},{"angle":45,"time":174.66667175293,"type":"mine"},{"angle":22.5,"time":174.66667175293,"type":"mine"},{"angle":157.5,"time":176,"type":"mine"},{"angle":135,"time":176,"type":"mine"},{"angle":112.5,"time":176,"type":"mine"},{"angle":225,"time":177,"type":"mine"},{"angle":270,"time":177,"type":"mine"},{"angle":270,"time":177,"type":"mine"},{"angle":247.5,"time":177,"type":"mine"},{"angle":45,"time":177,"type":"block"},{"angle":247.5,"time":180,"type":"block"},{"angle":90,"time":180.66667175293,"type":"block"},{"duration":0.3333332836628,"time":182,"angle":180,"angle2":270,"type":"hold"},{"angle":0,"time":181.33332824707,"type":"block"},{"angle":225,"time":182.66667175293,"type":"block"},{"angle":225,"time":182.16667175293,"type":"block"},{"angle":90,"time":184.16667175293,"type":"block"},{"angle":180,"time":184.83332824707,"type":"block"},{"angle":0,"time":185.5,"type":"block"},{"duration":0.3333332836628,"time":186.16667175293,"angle":90,"angle2":180,"type":"hold"},{"angle":135,"time":186.33332824707,"type":"block"},{"angle":225,"time":186.83332824707,"type":"block"},{"angle":90,"time":213,"type":"block"},{"angle":22.5,"time":213.66667175293,"type":"block"},{"angle":270,"time":213,"type":"mine"},{"angle":202.5,"time":213.66667175293,"type":"mine"},{"duration":1.1666667461395,"time":214.33332824707,"angle":315,"angle2":405,"type":"hold"},{"angle":22.5,"time":215.66667175293,"type":"block"},{"duration":1.1670000553131,"time":214.33332824707,"angle":135,"angle2":225,"type":"mineHold"},{"angle":202.5,"time":215.66667175293,"type":"mine"},{"angle":270,"time":216.16667175293,"type":"block"},{"angle":90,"time":216.16667175293,"type":"mine"},{"duration":5,"time":216.33332824707,"angle":292.5,"angle2":1192.5,"type":"hold"},{"duration":5,"time":216.33332824707,"angle":112.5,"angle2":1012.5,"type":"mineHold"},{"angle":270,"time":214.33332824707,"type":"extraTap"},{"angle":270,"time":216.33332824707,"type":"extraTap"},{"angle":0,"time":188.33332824707,"type":"block"},{"angle":157.5,"time":189,"type":"block"},{"angle":22.5,"time":189.66667175293,"type":"block"},{"duration":0.3333332836628,"time":190.3333384196,"angle":90,"angle2":0,"type":"hold"},{"angle":45,"time":190.49999491374,"type":"block"},{"angle":337.5,"time":191,"type":"block"},{"duration":1.3333333730698,"time":191.66667175293,"holdEase":"inQuad","angle":247.5,"angle2":112.5,"type":"hold"},{"angle":225,"time":193.66667175293,"type":"block"},{"angle":0,"time":195,"type":"block"},{"angle":22.5,"time":195.33332824707,"type":"block"},{"angle":45,"time":195.66667175293,"type":"block"},{"angle":180,"time":196.66667175293,"type":"block"},{"angle":67.5,"time":197.33332824707,"type":"block"},{"time":198,"angle":247.5,"type":"block","tap":true},{"duration":0.3333332836628,"time":198.66667175293,"angle":292.5,"angle2":337.5,"type":"hold"},{"angle":315,"time":198.83332824707,"type":"block"},{"angle":0,"time":199.33332824707,"type":"block"},{"angle":135,"time":200,"type":"block"},{"angle":45,"time":200.66667175293,"type":"block"},{"angle":202.5,"time":201.33332824707,"type":"block"},{"angle":292.5,"time":202,"type":"block"},{"duration":1.1666667461395,"time":202.66667175293,"holdEase":"inQuart","angle":202.5,"angle2":67.5,"type":"hold"},{"angle":112.5,"time":204,"type":"block"},{"angle":337.5,"time":204.66667175293,"type":"block"},{"angle":225,"time":205.33332824707,"type":"block"},{"angle":270,"time":206.16667175293,"type":"block"},{"angle":202.5,"time":206.83332824707,"type":"block"},{"angle":135,"time":207.5,"type":"block"},{"angle":360,"time":208.16667175293,"type":"block"},{"angle":22.5,"time":208.5,"type":"block"},{"angle":45,"time":208.83332824707,"type":"block"},{"duration":0.3333332836628,"time":209.83332824707,"angle":180,"angle2":135,"type":"hold"},{"angle":22.5,"time":222,"type":"block"},{"duration":1,"time":222.66667175293,"angle":315,"angle2":427.5,"type":"hold"},{"angle":22.5,"time":223.83332824707,"type":"block"},{"angle":202.5,"time":222,"type":"mine"},{"duration":1,"time":222.66667175293,"angle":135,"angle2":247.5,"type":"mineHold"},{"angle":202.5,"time":223.83332824707,"type":"mine"},{"angle":270,"time":222.66667175293,"type":"extraTap"},{"angle":292.5,"time":224.33332824707,"type":"block"},{"duration":0.66666662693024,"time":224.66667175293,"holdEase":"inSine","angle":270,"angle2":202.5,"type":"hold"},{"duration":0.66666662693024,"time":226,"holdEase":"inSine","angle":135,"angle2":202.5,"type":"hold"},{"duration":1,"time":227.33332824707,"holdEase":"inElastic","angle":270,"angle2":292.5,"type":"hold"},{"angle":112.5,"time":224.33332824707,"type":"mine"},{"duration":0.66666662693024,"time":224.66667175293,"holdEase":"inSine","angle":90,"angle2":22.5,"type":"mineHold"},{"duration":0.66666662693024,"time":226,"holdEase":"inSine","angle":315,"angle2":382.5,"type":"mineHold"},{"duration":1,"time":227.33332824707,"angle":90,"angle2":90,"type":"mineHold"},{"angle":247.5,"time":227.33332824707,"type":"extraTap"},{"angle":292.5,"time":224.66667175293,"type":"extraTap"},{"angle":270,"time":226,"type":"extraTap"},{"angle":202.5,"time":229.33332824707,"type":"block"},{"angle":112.5,"time":230,"type":"block"},{"duration":1.3333333730698,"time":230.66667175293,"angle":0,"angle2":112.5,"type":"hold"},{"angle":67.5,"time":232.16667175293,"type":"block"},{"angle":157.5,"time":232.5,"type":"block"},{"duration":2.3333332538605,"time":232.66667175293,"angle":180,"angle2":315,"type":"hold"},{"angle":22.5,"time":229.33332824707,"type":"mine"},{"angle":292.5,"time":230,"type":"mine"},{"duration":1.3333332538605,"time":230.66667175293,"angle":180,"angle2":292.5,"type":"mineHold"},{"angle":247.5,"time":232.16667175293,"type":"mine"},{"angle":337.5,"time":232.5,"type":"mine"},{"duration":2.3329999446869,"time":232.66667175293,"angle":360,"angle2":495,"type":"mineHold"},{"angle":270,"time":230.66667175293,"type":"extraTap"},{"angle":225,"time":235.66667175293,"type":"block"},{"angle":315,"time":236.33332824707,"type":"block"},{"duration":0.16666658222675,"time":238.33332824707,"angle":180,"angle2":157.5,"type":"hold"},{"duration":0.16666652262211,"time":238.5,"angle":157.5,"angle2":202.5,"type":"hold"},{"duration":1.3333332538605,"time":237,"angle":67.5,"angle2":180,"type":"hold"},{"duration":1,"time":238.66667175293,"angle":202.5,"angle2":67.5,"type":"hold"},{"duration":1,"time":239.66667175293,"angle":67.5,"angle2":202.5,"type":"hold"},{"duration":0.66666662693024,"time":241,"angle":225,"angle2":270,"type":"hold"},{"duration":0.33333325386047,"time":243,"angle":337.5,"angle2":247.5,"type":"hold"},{"angle":45,"time":235.66667175293,"type":"mine"},{"angle":135,"time":236.33332824707,"type":"mine"},{"duration":1.3333333730698,"time":237,"angle":247.5,"angle2":360,"type":"mineHold"},{"angle":0,"time":238.83332824707,"type":"mine"},{"angle":22.5,"time":238.66667175293,"type":"mine"},{"angle":337.5,"time":239,"type":"mine"},{"angle":247.5,"time":239.66667175293,"type":"mine"},{"angle":22.5,"time":240.33332824707,"type":"mine"},{"duration":0.66666662693024,"time":241,"angle":45,"angle2":90,"type":"mineHold"},{"duration":0.33333325386047,"time":243,"angle":157.5,"angle2":67.5,"type":"mineHold"},{"angle":270,"time":245.33332824707,"type":"extraTap"},{"angle":225,"time":246,"type":"block"},{"angle":270,"time":246.66667175293,"type":"block"},{"duration":1,"time":247.33332824707,"holdEase":"inSine","angle":315,"angle2":247.5,"type":"hold"},{"angle":337.5,"time":249,"type":"block"},{"duration":1.3333332538605,"time":249.16667175293,"holdEase":"inSine","angle":315,"angle2":270,"type":"hold"},{"duration":0.33333325386047,"time":250.5,"angle":270,"angle2":292.5,"type":"hold"},{"duration":0.16666658222675,"time":250.83332824707,"angle":292.5,"angle2":247.5,"type":"hold"},{"duration":0.66666662693024,"time":251.33332824707,"angle":225,"angle2":270,"type":"hold"},{"angle":315,"time":252.66667175293,"type":"block"},{"angle":90,"time":254.83332824707,"type":"block"},{"duration":1.3333332538605,"time":253.33332824707,"angle":45,"angle2":135,"type":"hold"},{"angle":0,"time":255.5,"type":"block"},{"angle":292.5,"time":256.16665649414,"type":"block"},{"angle":22.5,"time":256.83334350586,"type":"block"},{"angle":360,"time":258.16665649414,"type":"block"},{"angle":315,"time":258.83334350586,"type":"block"},{"angle":45,"time":259.5,"type":"block"},{"angle":360,"time":260.16665649414,"type":"block"},{"angle":315,"time":260.83334350586,"type":"block"},{"angle":45,"time":257.5,"type":"block"},{"angle":292.5,"time":248.5,"type":"block"},{"angle":45,"time":246,"type":"mine"},{"angle":90,"time":246.5,"type":"mine"},{"angle":135,"time":247.33332824707,"type":"mine"},{"angle":45,"time":248,"type":"mine"},{"angle":67.5,"time":247.83332824707,"type":"mine"},{"angle":22.5,"time":248.16667175293,"type":"mine"},{"angle":90,"time":248.5,"type":"mine"},{"angle":180,"time":250,"type":"mine"},{"angle":112.5,"time":250.66667175293,"type":"mine"},{"angle":45,"time":251.33332824707,"type":"mine"},{"angle":157.5,"time":252.16667175293,"type":"mine"},{"angle":180,"time":252.33332824707,"type":"mine"},{"angle":135,"time":252,"type":"mine"},{"angle":135,"time":252.66667175293,"type":"mine"},{"angle":247.5,"time":254,"type":"mine"},{"angle":315,"time":254.66667175293,"type":"mine"},{"angle":180,"time":255.33332824707,"type":"mine"},{"angle":112.5,"time":256.16665649414,"type":"mine"},{"angle":135,"time":256.33334350586,"type":"mine"},{"angle":157.5,"time":256.5,"type":"mine"},{"angle":202.5,"time":256.83334350586,"type":"mine"},{"angle":225,"time":257.5,"type":"mine"},{"angle":135,"time":258.83334350586,"type":"mine"},{"angle":247.5,"time":259.5,"type":"mine"},{"angle":90,"time":261.16665649414,"type":"mine"},{"angle":135,"time":260.83334350586,"type":"mine"},{"angle":112.5,"time":261,"type":"mine"},{"angle":270,"time":262.33334350586,"type":"block"},{"angle":202.5,"time":263,"type":"block"},{"angle":135,"time":263.66665649414,"type":"block"},{"angle":247.5,"time":264.5,"type":"block"},{"angle":202.5,"time":264.83334350586,"type":"block"},{"angle":225,"time":264.66665649414,"type":"block"},{"angle":180,"time":265.16665649414,"type":"block"},{"angle":90,"time":265.83334350586,"type":"block"},{"angle":157.5,"time":266.5,"type":"block"},{"angle":247.5,"time":267.16665649414,"type":"block"},{"angle":225,"time":267.83334350586,"type":"block"},{"duration":0.66666662693024,"time":268.5,"angle":202.5,"angle2":135,"type":"hold"},{"duration":0.33333325386047,"time":269.5,"angle":202.5,"angle2":157.5,"type":"hold"},{"angle":225,"time":270.5,"type":"block"},{"angle":270,"time":271.16665649414,"type":"block"},{"angle":225,"time":271.83334350586,"type":"block"},{"angle":292.5,"time":272.5,"type":"block"},{"angle":202.5,"time":273.16665649414,"type":"block"},{"angle":67.5,"time":274,"type":"block"},{"angle":90,"time":274.33334350586,"type":"block"},{"duration":0.66666662693024,"time":274.66665649414,"angle":112.5,"angle2":202.5,"type":"hold"},{"angle":157.5,"time":275.66665649414,"type":"block"},{"duration":1.9999998807907,"time":276,"angle":202.5,"angle2":382.5,"type":"hold"},{"angle":90,"time":262.33334350586,"type":"mine"},{"angle":22.5,"time":263,"type":"mine"},{"duration":1.3333333730698,"time":263.66665649414,"angle":315,"angle2":405,"type":"mineHold"},{"angle":360,"time":265.16665649414,"type":"mine"},{"angle":292.5,"time":265.66665649414,"type":"mine"},{"duration":1.3333332538605,"time":265.83334350586,"angle":270,"angle2":427.5,"type":"mineHold"},{"angle":45,"time":267.33334350586,"type":"mine"},{"angle":22.5,"time":267.5,"type":"mine"},{"duration":0.66666662693024,"time":267.83334350586,"angle":45,"angle2":-45,"type":"mineHold"},{"duration":0.33333325386047,"time":269.5,"angle":22.5,"angle2":-22.5,"type":"mineHold"},{"angle":45,"time":270.5,"type":"mine"},{"angle":90,"time":271.16665649414,"type":"mine"},{"angle":45,"time":271.83334350586,"type":"mine"},{"angle":22.5,"time":272,"type":"mine"},{"angle":0,"time":272.16665649414,"type":"mine"},{"angle":45,"time":272.5,"type":"mine"},{"angle":315,"time":273.16665649414,"type":"mine"},{"angle":247.5,"time":274,"type":"mine"},{"angle":270,"time":274.16665649414,"type":"mine"},{"angle":292.5,"time":274.33334350586,"type":"mine"},{"angle":337.5,"time":274.66665649414,"type":"mine"},{"angle":337.5,"time":275.66665649414,"type":"mine"},{"duration":1.9999997615814,"time":276,"angle":22.5,"angle2":202.5,"type":"mineHold"},{"angle":315,"time":278.83334350586,"type":"block"},{"angle":45,"time":279.5,"type":"block"},{"duration":0.16666658222675,"time":280.16665649414,"angle":157.5,"angle2":180,"type":"hold"},{"duration":0.16666658222675,"time":280.83334350586,"angle":247.5,"angle2":270,"type":"hold"},{"duration":0.16666667163372,"time":281,"angle":270,"angle2":225,"type":"hold"},{"angle":202.5,"time":281.5,"type":"block"},{"angle":315,"time":282.16665649414,"type":"block"},{"angle":67.5,"time":282.83334350586,"type":"block"},{"angle":337.5,"time":283.5,"type":"block"},{"angle":180,"time":284.16665649414,"type":"block"},{"angle":112.5,"time":284.83334350586,"type":"block"},{"duration":0.33333319425583,"time":286.16665649414,"angle":0,"angle2":-22.5,"type":"hold"},{"angle":247.5,"time":287.33334350586,"type":"block"},{"angle":135,"time":288,"type":"block"},{"angle":22.5,"time":289,"type":"block"},{"angle":90,"time":289.83334350586,"type":"block"},{"angle":360,"time":290.66665649414,"type":"block"},{"angle":360,"time":293.66665649414,"type":"block"},{"angle":270,"time":294.83334350586,"type":"block"},{"angle":180,"time":296,"type":"block"},{"angle":90,"time":297,"type":"block"},{"angle":0,"time":298.16665649414,"type":"block"},{"angle":112.5,"time":299.66665649414,"type":"block"},{"angle":360,"time":300.33334350586,"type":"block"},{"duration":0.33333325386047,"time":301.16665649414,"angle":270,"angle2":247.5,"type":"hold"},{"angle":202.5,"time":302.66665649414,"type":"block"},{"angle":67.5,"time":304,"type":"block"},{"angle":270,"time":304.83334350586,"type":"block"},{"angle":315,"time":305.33334350586,"type":"block"},{"angle":337.5,"time":305.5,"type":"block"},{"angle":0,"time":305.66665649414,"type":"block"},{"angle":22.5,"time":305.83334350586,"type":"block"},{"angle":45,"time":306,"type":"block"},{"time":187.66667175293,"angle":270,"type":"block","tap":true},{"time":183.5,"angle":135,"type":"block","tap":true}]