{"properties":{"loadBeat":-2,"speed":70,"startingBeat":-2,"formatversion":14,"offset":8},"events":[{"time":0.25,"volume":1,"bpm":90,"file":"Creator.ogg","type":"play","angle":90},{"time":10,"angle":180,"type":"setBPM","bpm":85},{"time":13,"angle":202.5,"type":"setBPM","bpm":80},{"time":14,"angle":157.5,"type":"setBPM","bpm":78},{"time":15,"angle":112.5,"type":"setBPM","bpm":76},{"time":16,"angle":337.5,"type":"setBPM","bpm":70},{"time":-2,"g":255,"b":255,"angle":270,"color":1,"type":"setColor","r":255},{"time":-2,"g":0,"b":0,"angle":247.5,"color":0,"type":"setColor","r":0},{"time":-2,"angle":225,"color":0,"type":"setBgColor"},{"time":19,"angle":157.5,"type":"setBPM","bpm":111},{"duration":2.5,"ease":"inOutSine","g":232,"b":189,"time":19,"angle":22.5,"color":1,"type":"setColor","r":180},{"duration":2.5,"ease":"inOutSine","g":139,"b":55,"time":19,"angle":45,"color":0,"type":"setColor","r":216},{"duration":1,"ease":"inSine","value":1.5,"angle":247.5,"type":"ease","var":"scrollSpeed","time":142},{"time":-2,"value":1.2999999523163,"angle":112.5,"var":"vfx.canvPos.sx","type":"ease"},{"time":-2,"value":1.2999999523163,"angle":90,"var":"vfx.canvPos.sy","type":"ease"},{"time":-2,"value":0.89999997615814,"angle":45,"var":"scrollSpeed","type":"ease"},{"duration":4,"ease":"inOutQuad","value":1,"angle":315,"type":"ease","var":"vfx.canvPos.sy","time":19},{"duration":4,"ease":"inOutQuad","value":1,"angle":315,"type":"ease","var":"vfx.canvPos.sx","time":19},{"duration":2,"ease":"inSine","value":1,"angle":270,"type":"ease","var":"scrollSpeed","time":19},{"duration":1,"ease":"inOutElastic","value":1.2000000476837,"angle":270,"type":"ease","var":"vfx.canvPos.sx","time":142},{"duration":1,"ease":"inOutElastic","value":1.2000000476837,"angle":292.5,"type":"ease","var":"vfx.canvPos.sy","time":142},{"duration":1,"ease":"inOutElastic","value":1,"angle":247.5,"type":"ease","var":"vfx.canvPos.sx","time":146},{"duration":1,"ease":"inOutElastic","value":1,"angle":225,"type":"ease","var":"vfx.canvPos.sy","time":146},{"duration":1.5,"ease":"inOutSine","g":25,"b":38,"time":142,"angle":360,"color":0,"type":"setColor","r":13},{"duration":1.5,"ease":"inOutSine","g":191,"b":191,"time":142,"angle":360,"color":1,"type":"setColor","r":81},{"spriteName":"miss","time":142,"angle":337.5,"type":"forcePlayerSprite"},{"spriteName":"","time":146.5,"angle":315,"type":"forcePlayerSprite"},{"duration":2.5,"ease":"inOutSine","g":255,"b":255,"time":290.5,"angle":45,"color":1,"type":"setColor","r":255},{"duration":3.5,"ease":"inOutSine","g":0,"b":0,"time":290,"angle":67.5,"color":0,"type":"setColor","r":0},{"duration":4,"ease":"inOutSine","value":1.5,"angle":315,"type":"ease","var":"vfx.canvPos.sx","time":290},{"duration":4,"ease":"inOutSine","value":1.5,"angle":292.5,"type":"ease","var":"vfx.canvPos.sy","time":290},{"time":291,"value":0.80000001192093,"angle":270,"var":"scrollSpeed","type":"ease"},{"time":291,"angle":247.5,"type":"setBPM","bpm":90},{"duration":4,"ease":"inOutSine","g":232,"b":189,"time":277,"angle":22.5,"color":1,"type":"setColor","r":180},{"duration":4,"ease":"inOutSine","g":139,"b":55,"time":277,"angle":45,"color":0,"type":"setColor","r":216},{"duration":4,"ease":"inOutQuad","value":1,"angle":337.5,"type":"ease","var":"vfx.canvPos.sy","time":277},{"duration":4,"ease":"inOutQuad","value":1,"angle":315,"type":"ease","var":"vfx.canvPos.sx","time":277},{"duration":1.4999992847443,"ease":"inOutBack","value":1,"angle":270,"type":"ease","var":"scrollSpeed","time":277.5},{"angle":0,"time":307,"type":"showResults"}]}