[{"time":5.5,"type":"block","angle":0},{"time":6.5,"type":"block","angle":67.5},{"time":8,"type":"block","angle":270},{"time":9,"type":"block","angle":180},{"angle2":180,"type":"hold","duration":1,"time":10,"angle":360},{"angle2":90,"type":"hold","duration":1,"time":11,"angle":180},{"angle2":157.5,"type":"hold","duration":1,"time":12,"angle":90},{"angle2":90,"type":"hold","duration":1,"time":13,"angle":157.5},{"angle2":180,"type":"hold","duration":1,"time":14,"angle":90},{"angle2":157.5,"type":"hold","duration":1,"time":15,"angle":180},{"angle2":247.5,"type":"hold","duration":1,"time":16,"angle":157.5},{"time":17,"type":"extraTap","angle":225},{"angle2":112.5,"type":"hold","duration":1,"time":17,"angle":247.5},{"angle2":180,"type":"hold","duration":1,"time":18,"angle":112.5},{"angle2":135,"type":"hold","duration":1,"time":19,"angle":180},{"angle2":225,"type":"hold","duration":1,"time":20,"angle":135},{"angle2":45,"type":"hold","duration":1,"time":21,"angle":225},{"angle2":135,"type":"hold","duration":1,"time":22,"angle":45},{"angle2":315,"type":"hold","duration":1,"time":23,"angle":135},{"angle2":270,"type":"hold","duration":1,"time":24,"angle":315},{"time":25,"type":"extraTap","angle":270},{"angle2":202.5,"type":"hold","duration":1,"time":25,"angle":270},{"angle2":270,"type":"hold","duration":1,"time":26,"angle":202.5},{"angle2":67.5,"type":"hold","duration":1,"time":27,"angle":270},{"angle2":247.5,"type":"hold","duration":1,"time":28,"angle":67.5},{"angle2":315,"type":"hold","duration":1,"time":29,"angle":247.5},{"angle2":112.5,"type":"hold","duration":1,"time":30,"angle":315},{"angle2":225,"type":"hold","duration":1,"time":31,"angle":112.5},{"angle2":67.5,"type":"hold","duration":1,"time":32,"angle":225},{"time":33,"type":"extraTap","angle":67.5},{"time":37,"type":"side","angle":360},{"time":36,"type":"side","angle":180},{"time":35,"type":"side","angle":0},{"time":34,"type":"side","angle":180},{"time":38,"type":"side","angle":180},{"time":39,"type":"side","angle":0},{"time":40,"type":"side","angle":180},{"time":41,"type":"side","angle":0},{"time":42,"type":"side","angle":180},{"time":42.5,"type":"block","angle":180},{"time":43.5,"type":"block","angle":180},{"angle2":360,"type":"hold","duration":1,"time":44.5,"angle":180},{"time":46.5,"type":"block","angle":360},{"time":47.5,"type":"block","angle":0},{"time":48.5,"type":"block","angle":360},{"time":49,"type":"extraTap","angle":0},{"time":49.5,"type":"extraTap","angle":0},{"time":49.25,"type":"extraTap","angle":0},{"time":49.75,"type":"extraTap","angle":0},{"time":50.5,"type":"block","angle":0},{"time":51,"type":"block","angle":315},{"time":51.5,"type":"block","angle":22.5},{"time":52,"type":"block","angle":90},{"angle2":180,"type":"hold","duration":1,"time":52,"angle":90},{"time":52,"type":"mine","angle":0},{"time":52,"type":"mine","angle":315},{"time":52,"type":"mine","angle":180},{"time":52,"type":"mine","angle":225},{"time":52,"type":"mine","angle":270},{"time":52,"type":"mine","angle":247.5},{"time":52,"type":"mine","angle":292.5},{"time":52,"type":"mine","angle":337.5},{"time":52,"type":"mine","angle":202.5},{"time":53.5,"type":"block","angle":180},{"time":54,"type":"block","angle":202.5},{"time":54.5,"type":"block","angle":157.5},{"time":55,"type":"block","angle":90},{"time":56,"type":"block","angle":90},{"time":56.5,"type":"block","angle":45},{"time":58,"type":"block","angle":45},{"time":59,"type":"block","angle":67.5},{"time":60.333332061768,"type":"block","angle":90},{"time":60.666667938232,"type":"block","angle":112.5},{"time":62.666667938232,"type":"block","angle":225},{"time":63,"type":"block","angle":247.5},{"time":63.666667938232,"type":"block","angle":360},{"angle2":225,"type":"hold","duration":1,"time":65,"angle":0},{"angle2":135,"type":"hold","duration":1,"time":66,"angle":225},{"time":67.5,"type":"block","angle":135},{"time":67.75,"type":"block","angle":180},{"time":70,"type":"block","angle":0},{"time":71,"type":"block","angle":90},{"time":72,"type":"block","angle":292.5},{"time":73,"type":"block","angle":67.5},{"time":74,"type":"block","angle":180},{"time":75,"type":"block","angle":157.5},{"time":76,"type":"block","angle":202.5},{"time":77,"type":"block","angle":315},{"time":78,"type":"block","angle":0},{"time":79.5,"type":"block","angle":45},{"time":81,"type":"block","angle":45},{"time":81.5,"type":"block","angle":22.5},{"time":82,"type":"extraTap","angle":360},{"angle2":180,"type":"hold","duration":1,"time":82.5,"angle":360},{"time":84,"type":"block","angle":180},{"time":85,"type":"block","angle":202.5},{"time":86,"type":"block","angle":270},{"time":87,"type":"block","angle":90},{"time":86.5,"type":"block","angle":157.5},{"time":88,"type":"block","angle":90},{"time":89,"type":"block","angle":135},{"time":89.5,"type":"block","angle":202.5},{"time":90.5,"type":"block","angle":157.5},{"time":91.5,"type":"block","angle":225},{"time":92,"type":"block","angle":202.5},{"time":94,"type":"block","angle":225},{"time":93.5,"type":"block","angle":202.5},{"time":95.5,"type":"block","angle":90},{"time":96,"type":"block","angle":135},{"time":97.5,"type":"block","angle":225},{"type":"hold","angle2":112.5,"time":98,"duration":1,"angle":225},{"time":100,"type":"side","angle":112.5},{"time":101,"type":"side","angle":112.5},{"time":103.5,"type":"block","angle":112.5},{"time":104.5,"type":"block","angle":202.5},{"time":105.5,"type":"block","angle":225},{"time":107,"type":"block","angle":202.5},{"time":108,"type":"block","angle":135},{"time":109,"type":"block","angle":135},{"time":110,"type":"block","angle":180},{"time":111,"type":"block","angle":0},{"time":112,"type":"block","angle":45},{"time":113,"type":"block","angle":135},{"time":114,"type":"block","angle":135},{"type":"hold","angle2":315,"time":114.5,"duration":1,"angle":135},{"time":119,"type":"block","angle":270},{"type":"hold","duration":1,"angle2":247.5,"time":117.5,"angle":292.5},{"time":119.5,"type":"block","angle":292.5},{"type":"hold","time":121.5,"duration":1,"angle2":225,"angle":135},{"time":123,"type":"block","angle":225},{"time":123.5,"type":"block","angle":225},{"time":124,"type":"block","angle":202.5},{"time":125,"type":"block","angle":247.5},{"time":126,"type":"block","angle":180},{"time":127,"type":"block","angle":247.5},{"time":128,"type":"block","angle":90},{"time":129,"type":"block","angle":0},{"type":"hold","duration":1,"angle2":67.5,"time":129.5,"angle":0},{"time":131,"type":"block","angle":67.5},{"time":132,"type":"block","angle":337.5},{"time":133,"type":"block","angle":0},{"time":134,"type":"block","angle":90},{"time":135,"type":"block","angle":90},{"time":136,"type":"block","angle":270},{"time":137,"type":"block","angle":180},{"time":138,"type":"block","angle":0},{"time":139,"type":"block","angle":45},{"time":140,"type":"block","angle":315},{"time":141,"type":"block","angle":315},{"time":142,"type":"block","angle":270},{"time":143,"type":"block","angle":292.5},{"time":144,"type":"block","angle":315},{"time":145,"type":"block","angle":0},{"time":146,"type":"block","angle":292.5},{"time":147,"type":"block","angle":112.5},{"time":148,"type":"block","angle":180},{"time":149,"type":"block","angle":180},{"type":"hold","time":150,"duration":1,"angle2":270,"angle":157.5},{"time":152,"type":"block","angle":270},{"time":153,"type":"block","angle":292.5},{"type":"hold","angle2":67.5,"time":153.5,"duration":1,"angle":315},{"time":155.5,"type":"block","angle":67.5},{"time":156.5,"type":"block","angle":45},{"time":158,"type":"block","angle":90},{"time":157.83332824707,"type":"block","angle":90},{"time":159,"type":"block","angle":90},{"time":160,"type":"block","angle":135},{"time":161,"type":"block","angle":225},{"time":162,"type":"block","angle":225},{"time":163,"type":"block","angle":157.5},{"time":164,"type":"block","angle":180},{"time":165,"type":"block","angle":180},{"time":166,"type":"block","angle":157.5},{"time":170,"type":"block","angle":0},{"time":171,"type":"block","angle":90},{"time":170.5,"type":"block","angle":90},{"time":171.5,"type":"block","angle":135},{"time":172,"type":"block","angle":180},{"time":174,"type":"block","angle":180},{"time":175,"type":"block","angle":157.5},{"time":176,"type":"block","angle":67.5},{"time":176,"type":"mine","angle":112.5},{"time":176,"type":"block","angle":90},{"time":176,"type":"block","angle":45},{"time":176,"type":"mine","angle":22.5},{"time":176,"type":"mine","angle":360},{"time":176,"type":"mine","angle":337.5},{"time":176,"type":"mine","angle":315},{"time":176,"type":"mine","angle":292.5},{"time":176,"type":"mine","angle":270},{"time":176,"type":"mine","angle":247.5},{"time":176,"type":"mine","angle":225},{"time":176,"type":"mine","angle":202.5},{"time":176,"type":"mine","angle":157.5},{"time":176,"type":"mine","angle":180},{"time":176,"type":"mine","angle":135},{"time":177,"type":"block","angle":67.5},{"time":178,"type":"block","angle":0},{"time":179,"type":"block","angle":0},{"time":180,"type":"block","angle":90},{"time":181,"type":"block","angle":180},{"time":181,"type":"block","angle":202.5},{"time":181,"type":"block","angle":157.5},{"time":181,"type":"mine","angle":225},{"time":181,"type":"mine","angle":247.5},{"time":181,"type":"mine","angle":270},{"time":181,"type":"mine","angle":292.5},{"time":181,"type":"mine","angle":315},{"time":181,"type":"mine","angle":337.5},{"time":181,"type":"mine","angle":360},{"time":181,"type":"mine","angle":22.5},{"time":181,"type":"mine","angle":45},{"time":181,"type":"mine","angle":67.5},{"time":181,"type":"mine","angle":90},{"time":181,"type":"mine","angle":112.5},{"time":181,"type":"mine","angle":135},{"time":181,"type":"mine","angle":135},{"time":182,"type":"block","angle":180},{"time":183,"type":"block","angle":270},{"time":184,"type":"block","angle":90},{"type":"hold","time":184,"duration":1,"angle2":225,"angle":90},{"type":"hold","angle2":112.5,"time":185,"duration":1,"angle":225},{"type":"hold","duration":1,"angle2":202.5,"time":186,"angle":112.5}]