{"metadata":{"charter":"Charter","bg":false,"artistLink":"","songName":"guitar loneless and blue planet","artist":"atomicccc22","description":"song from bocchi the rock","difficulty":0},"properties":{"speed":70,"startBeat":0,"offset":8,"formatversion":12},"events":[{"volume":1,"type":"play","file":"guitar loneless and blue planet.ogg","time":1,"bpm":200,"angle":0},{"type":"setBPM","time":1,"bpm":200,"angle":0},{"b":14,"color":0,"type":"setColor","g":14,"time":0,"r":16,"angle":360},{"b":254,"color":0,"type":"setColor","r":255,"time":9,"g":254,"angle":180},{"b":0,"color":0,"type":"setColor","r":255,"time":10,"g":0,"angle":22.5},{"b":0,"color":0,"type":"setColor","g":240,"time":17,"r":255,"angle":202.5},{"b":255,"color":0,"type":"setColor","g":105,"time":25,"r":0,"angle":247.5},{"b":152,"r":244,"type":"setColor","color":0,"time":33,"g":152,"angle":45},{"b":255,"color":0,"type":"setColor","r":255,"time":49.75,"g":255,"angle":22.5},{"b":52,"color":0,"type":"setColor","time":115.5,"duration":10,"r":53,"g":52,"angle":337.5},{"b":255,"g":255,"type":"setColor","time":181,"duration":2,"r":255,"color":0,"angle":180},{"time":190,"type":"showResults","angle":180}]}