[{"type":"block","angle":360,"time":0},{"type":"block","angle":45,"time":0.5},{"type":"block","angle":450,"time":1},{"type":"block","angle":135,"time":1.5},{"type":"block","angle":180,"time":2},{"type":"block","angle":225,"time":2.5},{"type":"block","angle":180,"time":3},{"type":"block","angle":135,"time":3.5},{"type":"block","angle":180,"time":4},{"type":"block","angle":225,"time":4.5},{"type":"block","angle":180,"time":5},{"type":"block","angle":135,"time":5.5},{"type":"block","angle":180,"time":6},{"type":"block","angle":225,"time":6.5},{"type":"block","angle":270,"time":7},{"type":"block","angle":315,"time":7.5},{"type":"block","angle":360,"time":8},{"type":"block","angle":45,"time":8.5},{"type":"block","angle":360,"time":9},{"type":"block","angle":315,"time":9.5},{"type":"block","angle":360,"time":10},{"type":"block","angle":45,"time":10.5},{"type":"block","angle":360,"time":11},{"type":"block","angle":315,"time":11.5},{"type":"block","angle":270,"time":12},{"type":"block","angle":315,"time":12.5},{"type":"block","angle":360,"time":13},{"type":"block","angle":315,"time":13.5},{"type":"block","angle":270,"time":14},{"type":"block","angle":225,"time":14.5},{"type":"block","angle":180,"time":15},{"type":"block","angle":225,"time":15.5},{"type":"block","angle":270,"time":16},{"type":"block","angle":225,"time":16.5},{"type":"block","angle":180,"time":17},{"type":"block","angle":135,"time":17.5},{"type":"block","angle":90,"time":18},{"type":"block","angle":135,"time":18.5},{"type":"block","angle":180,"time":19},{"type":"block","angle":135,"time":19.5},{"type":"block","angle":90,"time":20},{"type":"block","angle":90,"time":20},{"type":"block","angle":135,"time":20.5},{"type":"block","angle":180,"time":21},{"type":"block","angle":225,"time":21.5},{"type":"block","angle":270,"time":22},{"type":"block","angle":315,"time":22.5},{"type":"block","angle":360,"time":23},{"type":"block","angle":405,"time":23.5},{"type":"block","angle":450,"time":24},{"type":"block","angle":45,"time":24.5},{"type":"block","angle":360,"time":25},{"type":"block","angle":315,"time":25.5},{"type":"block","angle":270,"time":26},{"type":"block","angle":225,"time":26.5},{"type":"block","angle":270,"time":27},{"type":"inverse","angle":360,"time":0},{"type":"inverse","angle":450,"time":1},{"type":"inverse","angle":180,"time":2},{"type":"inverse","angle":180,"time":3},{"type":"inverse","angle":180,"time":4},{"type":"inverse","angle":180,"time":5},{"type":"inverse","angle":180,"time":6},{"type":"inverse","angle":270,"time":7},{"type":"inverse","angle":360,"time":8},{"type":"inverse","angle":360,"time":9},{"type":"inverse","angle":360,"time":10},{"type":"inverse","angle":360,"time":11},{"type":"inverse","angle":270,"time":12},{"type":"inverse","angle":360,"time":13},{"type":"inverse","angle":270,"time":14},{"type":"inverse","angle":180,"time":15},{"type":"inverse","angle":270,"time":16},{"type":"inverse","angle":180,"time":17},{"type":"inverse","angle":90,"time":18},{"type":"inverse","angle":180,"time":19},{"type":"inverse","angle":90,"time":20},{"type":"inverse","angle":180,"time":21},{"type":"inverse","angle":270,"time":22},{"type":"inverse","angle":360,"time":23},{"type":"inverse","angle":450,"time":24},{"type":"inverse","angle":360,"time":25},{"type":"inverse","angle":225,"time":21.5},{"type":"inverse","angle":315,"time":22.5},{"type":"inverse","angle":405,"time":23.5},{"type":"inverse","angle":270,"time":26},{"type":"inverse","angle":270,"time":27},{"type":"block","angle":270,"time":28},{"type":"block","angle":225,"time":28.5},{"type":"block","angle":270,"time":29},{"type":"block","angle":315,"time":29.5},{"type":"block","angle":270,"time":30},{"type":"block","angle":225,"time":30.5},{"type":"block","angle":540,"time":31},{"type":"block","angle":135,"time":31.5},{"type":"block","angle":450,"time":32},{"type":"block","angle":45,"time":32.5},{"type":"block","angle":450,"time":33},{"type":"block","angle":135,"time":33.5},{"type":"block","angle":450,"time":34},{"type":"block","angle":45,"time":34.5},{"type":"block","angle":450,"time":35},{"type":"block","angle":135,"time":35.5},{"type":"block","angle":540,"time":36},{"type":"block","angle":135,"time":36.5},{"type":"block","angle":90,"time":37},{"type":"block","angle":135,"time":37.5},{"type":"block","angle":180,"time":38},{"type":"block","angle":225,"time":38.5},{"type":"block","angle":270,"time":39},{"type":"inverse","angle":270,"time":28},{"type":"inverse","angle":270,"time":29},{"type":"inverse","angle":270,"time":30},{"type":"inverse","angle":540,"time":31},{"type":"inverse","angle":450,"time":32},{"type":"inverse","angle":450,"time":33},{"type":"inverse","angle":450,"time":34},{"type":"inverse","angle":450,"time":35},{"type":"inverse","angle":540,"time":36},{"type":"inverse","angle":90,"time":37},{"type":"inverse","angle":180,"time":38},{"type":"inverse","angle":270,"time":39},{"type":"block","angle":315,"time":27.5},{"type":"block","angle":180,"time":40},{"type":"block","angle":225,"time":40.5},{"type":"block","angle":270,"time":41},{"type":"block","angle":315,"time":41.5},{"type":"block","angle":0,"time":42},{"type":"block","angle":315,"time":42.5},{"type":"block","angle":-90,"time":43},{"type":"block","angle":225,"time":43.5},{"type":"block","angle":180,"time":44},{"type":"block","angle":135,"time":44.5},{"type":"block","angle":90,"time":45},{"type":"block","angle":180,"time":48},{"type":"block","angle":225,"time":48.5},{"type":"block","angle":270,"time":49},{"type":"block","angle":315,"time":49.5},{"type":"block","angle":360,"time":50},{"type":"block","angle":405,"time":50.5},{"type":"block","angle":450,"time":51},{"type":"inverse","angle":180,"time":40},{"type":"inverse","angle":270,"time":41},{"type":"inverse","angle":0,"time":42},{"type":"inverse","angle":-90,"time":43},{"type":"inverse","angle":180,"time":44},{"type":"inverse","angle":90,"time":45},{"type":"inverse","angle":180,"time":48},{"type":"inverse","angle":270,"time":49},{"type":"inverse","angle":360,"time":50},{"type":"inverse","angle":450,"time":51},{"type":"block","angle":225,"time":39.5},{"type":"inverse","angle":360,"time":46},{"type":"inverse","angle":270,"time":47},{"type":"inverse","angle":225,"time":48.5},{"type":"inverse","angle":315,"time":49.5},{"type":"inverse","angle":405,"time":50.5},{"type":"block","angle":405,"time":51.5},{"type":"block","angle":360,"time":52},{"type":"block","angle":315,"time":52.5},{"type":"block","angle":270,"time":53},{"type":"block","angle":315,"time":53.5},{"type":"block","angle":360,"time":54},{"type":"block","angle":405,"time":54.5},{"type":"block","angle":450,"time":55},{"type":"block","angle":180,"time":56},{"type":"block","angle":450,"time":57},{"type":"block","angle":405,"time":57.5},{"type":"block","angle":360,"time":58},{"type":"block","angle":450,"time":59},{"type":"block","angle":360,"time":60},{"type":"block","angle":270,"time":61},{"type":"block","angle":360,"time":62},{"type":"block","angle":270,"time":63},{"type":"block","angle":225,"time":63.5},{"type":"block","angle":180,"time":64},{"type":"block","angle":90,"time":65},{"type":"block","angle":360,"time":66},{"type":"block","angle":315,"time":66.5},{"type":"block","angle":270,"time":67},{"type":"block","angle":315,"time":67.5},{"type":"block","angle":360,"time":68},{"type":"block","angle":405,"time":68.5},{"type":"block","angle":450,"time":69},{"type":"block","angle":180,"time":72},{"type":"block","angle":315,"time":73.5},{"type":"block","angle":337.5,"time":73.75},{"type":"block","angle":360,"time":74},{"type":"block","angle":450,"time":75},{"type":"block","angle":45,"time":75.5},{"type":"block","angle":360,"time":76},{"type":"block","angle":315,"time":76.5},{"type":"block","angle":270,"time":77},{"type":"block","angle":225,"time":77.5},{"type":"block","angle":180,"time":78},{"type":"block","angle":-315,"time":79.5},{"type":"block","angle":-337.5,"time":79.75},{"type":"block","angle":-360,"time":80},{"type":"block","angle":-450,"time":81},{"type":"block","angle":-45,"time":81.5},{"type":"block","angle":-360,"time":82},{"type":"block","angle":-315,"time":82.5},{"type":"block","angle":-270,"time":83},{"type":"block","angle":-225,"time":83.5},{"type":"block","angle":180,"time":84},{"type":"block","angle":225,"time":84.5},{"type":"block","angle":270,"time":85},{"type":"block","angle":225,"time":85.5},{"type":"block","angle":180,"time":86},{"type":"block","angle":135,"time":86.5},{"type":"block","angle":450,"time":87},{"type":"block","angle":45,"time":87.5},{"type":"block","angle":360,"time":88},{"type":"block","angle":315,"time":88.5},{"type":"block","angle":270,"time":89},{"type":"block","angle":315,"time":89.5},{"type":"block","angle":360,"time":90},{"type":"block","angle":450,"time":91},{"type":"block","angle":135,"time":91.5},{"type":"block","angle":180,"time":92},{"type":"block","angle":225,"time":92.5},{"type":"block","angle":270,"time":93},{"type":"block","angle":247.5,"time":93.25},{"type":"block","angle":225,"time":93.5},{"type":"inverse","angle":405,"time":51.5},{"type":"inverse","angle":360,"time":52},{"type":"inverse","angle":315,"time":52.5},{"type":"inverse","angle":270,"time":53},{"type":"inverse","angle":315,"time":53.5},{"type":"inverse","angle":360,"time":54},{"type":"inverse","angle":405,"time":54.5},{"type":"inverse","angle":450,"time":55},{"type":"inverse","angle":135,"time":55.5},{"type":"inverse","angle":180,"time":56},{"type":"inverse","angle":495,"time":56.5},{"type":"inverse","angle":450,"time":57},{"type":"inverse","angle":405,"time":57.5},{"type":"inverse","angle":360,"time":58},{"type":"inverse","angle":405,"time":58.5},{"type":"inverse","angle":450,"time":59},{"type":"inverse","angle":405,"time":59.5},{"type":"inverse","angle":315,"time":60.5},{"type":"inverse","angle":360,"time":60},{"type":"inverse","angle":270,"time":61},{"type":"inverse","angle":315,"time":61.5},{"type":"inverse","angle":360,"time":62},{"type":"inverse","angle":315,"time":62.5},{"type":"inverse","angle":270,"time":63},{"type":"inverse","angle":225,"time":63.5},{"type":"inverse","angle":180,"time":64},{"type":"inverse","angle":135,"time":64.5},{"type":"inverse","angle":90,"time":65},{"type":"inverse","angle":405,"time":65.5},{"type":"inverse","angle":360,"time":66},{"type":"inverse","angle":270,"time":67},{"type":"inverse","angle":360,"time":68},{"type":"inverse","angle":450,"time":69},{"type":"inverse","angle":45,"time":69.5},{"type":"inverse","angle":360,"time":70},{"type":"inverse","angle":315,"time":70.5},{"type":"inverse","angle":270,"time":71},{"type":"inverse","angle":225,"time":71.5},{"type":"inverse","angle":180,"time":72},{"type":"inverse","angle":225,"time":72.5},{"type":"inverse","angle":270,"time":73},{"type":"inverse","angle":315,"time":73.5},{"type":"inverse","angle":360,"time":74},{"type":"inverse","angle":405,"time":74.5},{"type":"inverse","angle":450,"time":75},{"type":"inverse","angle":180,"time":78},{"type":"inverse","angle":-225,"time":78.5},{"type":"inverse","angle":-270,"time":79},{"type":"inverse","angle":-315,"time":79.5},{"type":"inverse","angle":-360,"time":80},{"type":"inverse","angle":-450,"time":81},{"type":"inverse","angle":-45,"time":80.5},{"type":"inverse","angle":180,"time":84},{"type":"inverse","angle":270,"time":85},{"type":"inverse","angle":180,"time":86},{"type":"inverse","angle":450,"time":87},{"type":"inverse","angle":360,"time":88},{"type":"inverse","angle":270,"time":89},{"type":"inverse","angle":360,"time":90},{"type":"inverse","angle":450,"time":91},{"type":"inverse","angle":180,"time":92},{"type":"inverse","angle":270,"time":93}]